	Unnamed: 0.3	Unnamed: 0.2	Unnamed: 0.1	Unnamed: 0	Geneid	ERR6053055	ERR6053098	ERR6053056	ERR6053097
0	0	0	0	0	ENSG00000178591.7	0	0	0	0
1	1	1	1	1	ENSG00000125788.6	0	0	0	0
2	2	2	2	2	ENSG00000088782.5	0	0	0	0
3	3	3	3	3	ENSG00000185982.7	0	0	0	0
4	4	4	4	4	ENSG00000125903.4	0	0	0	0
5	5	5	5	5	ENSG00000186458.5	0	0	0	0
6	6	6	6	6	ENSG00000272874.1	0	0	0	0
7	7	7	7	7	ENSG00000196476.12	0	0	0	0
8	8	8	8	8	ENSG00000247315.4	0	0	0	0
9	9	9	9	9	ENSG00000286158.1	0	0	0	0
10	10	10	10	10	ENSG00000225377.6	0	0	0	0
11	11	11	11	11	ENSG00000177732.9	6	0	0	0
12	12	12	12	12	ENSG00000125841.13	0	0	0	0
13	13	13	13	13	ENSG00000101255.12	0	0	0	0
14	14	14	14	14	ENSG00000125826.22	0	0	0	0
15	15	15	15	15	ENSG00000125875.15	0	0	0	0
16	16	16	16	16	ENSG00000206797.1	0	0	0	0
17	17	17	17	17	ENSG00000101266.19	0	0	0	0
18	18	18	18	18	ENSG00000125878.7	0	0	0	0
19	19	19	19	19	ENSG00000271303.2	0	0	0	0
20	20	20	20	20	ENSG00000270299.1	0	0	0	0
21	21	21	21	21	ENSG00000215397.4	0	0	0	0
22	22	22	22	22	ENSG00000101276.18	0	0	0	0
23	23	23	23	23	ENSG00000125898.13	0	0	0	0
24	24	24	24	24	ENSG00000101278.6	0	0	0	0
25	25	25	25	25	ENSG00000101280.8	0	0	0	0
26	26	26	26	26	ENSG00000101282.9	0	0	0	0
27	27	27	27	27	ENSG00000286787.3	0	0	0	0
28	28	28	28	28	ENSG00000125818.18	0	0	0	0
29	29	29	29	29	ENSG00000215388.3	30	0	0	0
30	30	30	30	30	ENSG00000125895.6	0	0	0	0
31	31	31	31	31	ENSG00000274269.1	0	0	0	0
32	32	32	32	32	ENSG00000215595.3	0	0	0	0
33	33	33	33	33	ENSG00000244588.6	0	0	0	0
34	34	34	34	34	ENSG00000101298.15	0	0	0	0
35	35	35	35	35	ENSG00000125775.15	0	0	0	0
36	36	36	36	36	ENSG00000274322.1	0	0	0	0
37	37	37	37	37	ENSG00000280162.1	0	0	0	0
38	38	38	38	38	ENSG00000234684.8	0	0	0	0
39	39	39	39	39	ENSG00000229728.1	0	0	0	0
40	40	40	40	40	ENSG00000088832.18	0	0	0	0
41	41	41	41	41	ENSG00000284436.1	0	0	0	0
42	42	42	42	42	ENSG00000088833.18	0	0	0	0
43	43	43	43	43	ENSG00000196209.13	0	0	0	0
44	44	44	44	44	ENSG00000242324.1	0	0	0	0
45	45	45	45	45	ENSG00000252103.1	0	0	0	0
46	46	46	46	46	ENSG00000125900.13	0	0	0	0
47	47	47	47	47	ENSG00000260861.6	0	0	0	0
48	48	48	48	48	ENSG00000101307.16	0	0	0	0
49	49	49	49	49	ENSG00000271523.1	0	0	0	0
50	50	50	50	50	ENSG00000089012.14	0	0	0	0
51	51	51	51	51	ENSG00000237914.5	0	0	0	0
52	52	52	52	52	ENSG00000223750.1	0	0	0	0
53	53	53	53	53	ENSG00000242348.3	0	0	0	0
54	54	54	54	54	ENSG00000236550.1	0	0	0	0
55	55	55	55	55	ENSG00000234282.1	0	0	0	0
56	56	56	56	56	ENSG00000286288.2	0	0	0	0
57	57	57	57	57	ENSG00000271461.1	0	0	0	0
58	58	58	58	58	ENSG00000232528.3	0	0	0	0
59	59	59	59	59	ENSG00000276649.1	0	0	0	0
60	60	60	60	60	ENSG00000198053.12	0	0	0	0
61	61	61	61	61	ENSG00000233896.2	0	0	0	0
62	62	62	62	62	ENSG00000101327.9	0	0	0	0
63	63	63	63	63	ENSG00000227663.1	12	0	0	0
64	64	64	64	64	ENSG00000125834.13	0	0	0	0
65	65	65	65	65	ENSG00000286108.1	0	0	0	0
66	66	66	66	66	ENSG00000287213.1	0	0	0	0
67	67	67	67	67	ENSG00000287561.1	0	0	0	0
68	68	68	68	68	ENSG00000226644.5	0	0	0	0
69	69	69	69	69	ENSG00000286022.1	0	0	0	0
70	70	70	70	70	ENSG00000125780.12	0	0	0	0
71	71	71	71	71	ENSG00000289955.1	0	0	0	0
72	72	72	72	72	ENSG00000166948.10	0	0	0	0
73	73	73	73	73	ENSG00000207305.1	0	0	0	0
74	74	74	74	74	ENSG00000125835.20	6	0	0	0
75	75	75	75	75	ENSG00000256566.1	0	0	0	0
76	76	76	76	76	ENSG00000088876.13	0	0	0	0
77	77	77	77	77	ENSG00000149488.14	0	0	0	0
78	78	78	78	78	ENSG00000101361.17	0	0	0	0
79	79	79	79	79	ENSG00000284481.1	0	0	0	0
80	80	80	80	80	ENSG00000221116.1	0	0	0	0
81	81	81	81	81	ENSG00000271798.1	0	0	0	0
82	82	82	82	82	ENSG00000212498.1	0	0	0	0
83	83	83	83	83	ENSG00000229686.1	0	0	0	0
84	84	84	84	84	ENSG00000226572.1	0	0	0	0
85	85	85	85	85	ENSG00000101365.21	0	0	0	0
86	86	86	86	86	ENSG00000228293.1	0	0	0	0
87	87	87	87	87	ENSG00000088881.22	0	0	0	0
88	88	88	88	88	ENSG00000226217.1	0	0	0	0
89	89	89	89	89	ENSG00000088882.8	0	0	0	0
90	90	90	90	90	ENSG00000241690.3	0	0	0	0
91	91	91	91	91	ENSG00000258713.3	0	0	0	0
92	92	92	92	92	ENSG00000198326.10	0	0	0	0
93	93	93	93	93	ENSG00000132635.17	0	0	0	0
94	94	94	94	94	ENSG00000215305.10	0	0	0	0
95	95	95	95	95	ENSG00000132670.21	0	0	0	0
96	96	96	96	96	ENSG00000125787.11	0	0	0	0
97	97	97	97	97	ENSG00000125901.6	0	0	0	0
98	98	98	98	98	ENSG00000101405.3	0	0	0	0
99	99	99	99	99	ENSG00000101200.5	0	0	0	0
100	100	100	100	100	ENSG00000263905.2	0	0	0	0
101	101	101	101	101	ENSG00000235958.5	0	0	0	0
102	102	102	102	102	ENSG00000185019.17	0	0	0	0
103	103	103	103	103	ENSG00000215251.5	0	0	0	0
104	104	104	104	104	ENSG00000088899.16	0	0	0	0
105	105	105	105	105	ENSG00000289183.2	0	0	0	0
106	106	106	106	106	ENSG00000198171.13	0	0	0	0
107	107	107	107	107	ENSG00000289494.2	0	0	0	0
108	108	108	108	108	ENSG00000125877.13	0	0	0	0
109	109	109	109	109	ENSG00000088836.14	0	0	0	0
110	110	110	110	110	ENSG00000277287.1	0	0	0	0
111	111	111	111	111	ENSG00000088854.13	0	0	0	0
112	112	112	112	112	ENSG00000201294.1	0	0	0	0
113	113	113	113	113	ENSG00000226632.1	0	0	0	0
114	114	114	114	114	ENSG00000201346.2	0	0	0	0
115	115	115	115	115	ENSG00000288577.1	0	0	0	0
116	116	116	116	116	ENSG00000225116.1	0	0	0	0
117	117	117	117	117	ENSG00000088812.18	0	0	0	0
118	118	118	118	118	ENSG00000230568.1	0	0	0	0
119	119	119	119	119	ENSG00000125861.16	0	0	0	0
120	120	120	120	120	ENSG00000149451.19	0	0	0	0
121	121	121	121	121	ENSG00000088827.14	0	0	0	0
122	122	122	122	122	ENSG00000132622.11	0	0	0	0
123	123	123	123	123	ENSG00000101220.18	0	0	0	0
124	124	124	124	124	ENSG00000101222.12	0	0	0	0
125	125	125	125	125	ENSG00000125817.8	6	0	0	0
126	126	126	126	126	ENSG00000101224.18	0	0	0	0
127	127	127	127	127	ENSG00000275491.1	0	0	0	0
128	128	128	128	128	ENSG00000274949.1	0	0	0	0
129	129	129	129	129	ENSG00000125843.11	0	0	0	0
130	130	130	130	130	ENSG00000088888.18	0	0	0	0
131	131	131	131	131	ENSG00000229539.2	0	0	0	0
132	132	132	132	132	ENSG00000125779.24	0	0	0	0
133	133	133	133	133	ENSG00000199024.1	0	0	0	0
134	134	134	134	134	ENSG00000283320.1	0	0	0	0
135	135	135	135	135	ENSG00000275582.1	0	0	0	0
136	136	136	136	136	ENSG00000101236.17	0	0	0	0
137	137	137	137	137	ENSG00000226608.3	30	0	0	0
138	138	138	138	138	ENSG00000215063.3	12	0	0	0
139	139	139	139	139	ENSG00000205300.3	0	0	0	0
140	140	140	140	140	ENSG00000088826.18	0	0	0	0
141	141	141	141	141	ENSG00000230176.3	0	0	0	0
142	142	142	142	142	ENSG00000171873.8	0	0	0	0
143	143	143	143	143	ENSG00000236387.2	0	0	0	0
144	144	144	144	144	ENSG00000238282.1	0	0	0	0
145	145	145	145	145	ENSG00000228210.1	0	0	0	0
146	146	146	146	146	ENSG00000226948.2	18	0	0	0
147	147	147	147	147	ENSG00000171867.18	0	0	0	0
148	148	148	148	148	ENSG00000171864.5	0	0	0	0
149	149	149	149	149	ENSG00000180259.10	0	0	0	0
150	150	150	150	150	ENSG00000231071.1	0	0	0	0
151	151	151	151	151	ENSG00000278595.1	0	0	0	0
152	152	152	152	152	ENSG00000101265.16	0	0	0	0
153	153	153	153	153	ENSG00000089057.15	0	0	0	0
154	154	154	154	154	ENSG00000252096.1	0	0	0	0
155	155	155	155	155	ENSG00000234573.1	0	0	0	0
156	156	156	156	156	ENSG00000277087.1	0	0	0	0
157	157	157	157	157	ENSG00000276768.1	0	0	0	0
158	158	158	158	158	ENSG00000278816.1	0	0	0	0
159	159	159	159	159	ENSG00000277425.1	0	0	0	0
160	160	160	160	160	ENSG00000089063.15	0	0	0	0
161	161	161	161	161	ENSG00000212536.1	0	0	0	0
162	162	162	162	162	ENSG00000252367.1	0	0	0	0
163	163	163	163	163	ENSG00000132646.11	0	0	0	0
164	164	164	164	164	ENSG00000212517.1	0	0	0	0
165	165	165	165	165	ENSG00000101290.14	0	0	0	0
166	166	166	166	166	ENSG00000225022.1	0	0	0	0
167	167	167	167	167	ENSG00000101292.8	0	0	0	0
168	168	168	168	168	ENSG00000266908.2	0	0	0	0
169	169	169	169	169	ENSG00000200313.1	0	0	0	0
170	170	170	170	170	ENSG00000276688.1	0	0	0	0
171	171	171	171	171	ENSG00000226995.9	0	0	0	0
172	172	172	172	172	ENSG00000230563.4	0	0	0	0
173	173	173	173	173	ENSG00000205181.8	0	0	0	0
174	174	174	174	174	ENSG00000225640.1	0	0	0	0
175	175	175	175	175	ENSG00000225831.1	6	0	0	0
176	176	176	176	176	ENSG00000235820.1	0	0	0	0
177	177	177	177	177	ENSG00000125772.14	0	0	0	0
178	178	178	178	178	ENSG00000233578.1	0	0	0	0
179	179	179	179	179	ENSG00000171984.15	0	0	0	0
180	180	180	180	180	ENSG00000202380.1	0	0	0	0
181	181	181	181	181	ENSG00000089199.10	0	0	0	0
182	182	182	182	182	ENSG00000215589.3	0	0	0	0
183	183	183	183	183	ENSG00000089195.15	0	0	0	0
184	184	184	184	184	ENSG00000125885.13	0	0	0	0
185	185	185	185	185	ENSG00000286235.1	0	0	0	0
186	186	186	186	186	ENSG00000207380.1	0	0	0	0
187	187	187	187	187	ENSG00000231961.1	0	0	0	0
188	188	188	188	188	ENSG00000278719.1	0	0	0	0
189	189	189	189	189	ENSG00000275632.1	0	0	0	0
190	190	190	190	190	ENSG00000263755.2	0	0	0	0
191	191	191	191	191	ENSG00000088766.12	0	0	0	0
192	192	192	192	192	ENSG00000125872.9	0	0	0	0
193	193	193	193	193	ENSG00000278192.1	0	0	0	0
194	194	194	194	194	ENSG00000101311.17	0	0	0	0
195	195	195	195	195	ENSG00000233402.1	0	0	0	0
196	196	196	196	196	ENSG00000234241.1	0	0	0	0
197	197	197	197	197	ENSG00000271565.1	0	0	0	0
198	198	198	198	198	ENSG00000276915.1	0	0	0	0
199	199	199	199	199	ENSG00000229876.1	0	0	0	0
200	200	200	200	200	ENSG00000228482.2	0	0	0	0
201	201	201	201	201	ENSG00000125845.7	0	0	0	0
202	202	202	202	202	ENSG00000232271.1	0	0	0	0
203	203	203	203	203	ENSG00000228888.1	0	0	0	0
204	204	204	204	204	ENSG00000238102.4	0	0	0	0
205	205	205	205	205	ENSG00000261249.1	0	0	0	0
206	206	206	206	206	ENSG00000224711.2	0	0	0	0
207	207	207	207	207	ENSG00000278159.1	0	0	0	0
208	208	208	208	208	ENSG00000240584.3	0	0	0	0
209	209	209	209	209	ENSG00000215586.2	0	0	0	0
210	210	210	210	210	ENSG00000277315.1	0	0	0	0
211	211	211	211	211	ENSG00000101323.5	0	0	0	0
212	212	212	212	212	ENSG00000125827.9	0	0	0	0
213	213	213	213	213	ENSG00000229766.7	0	0	0	0
214	214	214	214	214	ENSG00000182621.18	0	0	0	0
215	215	215	215	215	ENSG00000226262.1	0	0	0	0
216	216	216	216	216	ENSG00000225479.1	0	0	0	0
217	217	217	217	217	ENSG00000201348.1	0	0	0	0
218	218	218	218	218	ENSG00000228438.1	0	0	0	0
219	219	219	219	219	ENSG00000276385.1	0	0	0	0
220	220	220	220	220	ENSG00000275222.1	0	0	0	0
221	221	221	221	221	ENSG00000101333.19	0	0	0	0
222	222	222	222	222	ENSG00000225988.1	0	0	0	0
223	223	223	223	223	ENSG00000125869.10	0	0	0	0
224	224	224	224	224	ENSG00000101349.17	0	0	0	0
225	225	225	225	225	ENSG00000286740.1	0	0	0	0
226	226	226	226	226	ENSG00000232738.1	0	0	0	0
227	227	227	227	227	ENSG00000286470.1	0	0	0	0
228	228	228	228	228	ENSG00000243961.2	0	0	0	0
229	229	229	229	229	ENSG00000132623.16	0	0	0	0
230	230	230	230	230	ENSG00000227906.10	0	0	0	0
231	231	231	231	231	ENSG00000276525.1	0	0	0	0
232	232	232	232	232	ENSG00000132639.15	0	0	0	0
233	233	233	233	233	ENSG00000230506.2	0	0	0	0
234	234	234	234	234	ENSG00000232448.2	0	0	0	0
235	235	235	235	235	ENSG00000289505.1	0	0	0	0
236	236	236	236	236	ENSG00000286936.1	0	0	0	0
237	237	237	237	237	ENSG00000237005.1	0	0	0	0
238	238	238	238	238	ENSG00000214835.3	6	0	0	0
239	239	239	239	239	ENSG00000230750.1	0	0	0	0
240	240	240	240	240	ENSG00000125863.20	0	0	0	0
241	241	241	241	241	ENSG00000285508.1	0	0	0	0
242	242	242	242	242	ENSG00000285723.1	0	0	0	0
243	243	243	243	243	ENSG00000149346.15	0	0	0	0
244	244	244	244	244	ENSG00000235036.4	0	0	0	0
245	245	245	245	245	ENSG00000101384.12	0	0	0	0
246	246	246	246	246	ENSG00000273745.1	0	0	0	0
247	247	247	247	247	ENSG00000270792.6	0	0	0	0
248	248	248	248	248	ENSG00000224961.3	0	0	0	0
249	249	249	249	249	ENSG00000234900.1	0	0	0	0
250	250	250	250	250	ENSG00000232900.2	0	0	0	0
251	251	251	251	251	ENSG00000217809.1	0	0	0	0
252	252	252	252	252	ENSG00000125899.8	0	0	0	0
253	253	253	253	253	ENSG00000270777.1	0	0	0	0
254	254	254	254	254	ENSG00000230990.2	0	0	0	0
255	255	255	255	255	ENSG00000235544.1	0	0	0	0
256	256	256	256	256	ENSG00000282478.1	0	0	0	0
257	257	257	257	257	ENSG00000287754.1	0	0	0	0
258	258	258	258	258	ENSG00000271397.1	0	0	0	0
259	259	259	259	259	ENSG00000237256.1	0	0	0	0
260	260	260	260	260	ENSG00000261411.1	0	0	0	0
261	261	261	261	261	ENSG00000228422.5	0	0	0	0
262	262	262	262	262	ENSG00000222281.1	0	0	0	0
263	263	263	263	263	ENSG00000271298.1	0	0	0	0
264	264	264	264	264	ENSG00000132640.15	0	0	0	0
265	265	265	265	265	ENSG00000236526.1	0	0	0	0
266	266	266	266	266	ENSG00000235292.2	0	0	0	0
267	267	267	267	267	ENSG00000230437.1	0	0	0	0
268	268	268	268	268	ENSG00000235698.1	0	0	0	0
269	269	269	269	269	ENSG00000233048.1	0	0	0	0
270	270	270	270	270	ENSG00000269931.2	0	0	0	0
271	271	271	271	271	ENSG00000286087.1	0	0	0	0
272	272	272	272	272	ENSG00000234265.2	0	0	0	0
273	273	273	273	273	ENSG00000172296.13	0	0	0	0
274	274	274	274	274	ENSG00000271426.1	0	0	0	0
275	275	275	275	275	ENSG00000101230.6	0	0	0	0
276	276	276	276	276	ENSG00000226263.1	0	0	0	0
277	277	277	277	277	ENSG00000225956.1	0	0	0	0
278	278	278	278	278	ENSG00000278153.1	0	0	0	0
279	279	279	279	279	ENSG00000089123.16	0	0	0	0
280	280	280	280	280	ENSG00000236811.1	48	0	0	0
281	281	281	281	281	ENSG00000089048.15	0	0	0	0
282	282	282	282	282	ENSG00000101247.18	0	0	0	0
283	283	283	283	283	ENSG00000101251.13	0	0	0	0
284	284	284	284	284	ENSG00000212247.1	0	0	0	0
285	285	285	285	285	ENSG00000172264.19	0	0	0	0
286	286	286	286	286	ENSG00000230935.1	0	0	0	0
287	287	287	287	287	ENSG00000234187.1	0	0	0	0
288	288	288	288	288	ENSG00000239923.3	0	0	0	0
289	289	289	289	289	ENSG00000125848.10	0	0	0	0
290	290	290	290	290	ENSG00000199570.1	0	0	0	0
291	291	291	291	291	ENSG00000287062.1	0	0	0	0
292	292	292	292	292	ENSG00000227563.1	0	0	0	0
293	293	293	293	293	ENSG00000227927.2	0	0	0	0
294	294	294	294	294	ENSG00000213950.2	6	0	0	0
295	295	295	295	295	ENSG00000289572.1	0	0	0	0
296	296	296	296	296	ENSG00000235914.2	0	0	0	0
297	297	297	297	297	ENSG00000237832.1	0	0	0	0
298	298	298	298	298	ENSG00000199803.1	0	0	0	0
299	299	299	299	299	ENSG00000201180.1	0	0	0	0
300	300	300	300	300	ENSG00000222500.1	0	0	0	0
301	301	301	301	301	ENSG00000225181.1	0	0	0	0
302	302	302	302	302	ENSG00000224274.1	0	0	0	0
303	303	303	303	303	ENSG00000286546.1	0	0	0	0
304	304	304	304	304	ENSG00000287410.1	0	0	0	0
305	305	305	305	305	ENSG00000225622.1	0	0	0	0
306	306	306	306	306	ENSG00000089177.19	0	0	0	0
307	307	307	307	307	ENSG00000273998.1	0	0	0	0
308	308	308	308	308	ENSG00000275728.1	0	0	0	0
309	309	309	309	309	ENSG00000226229.2	0	0	0	0
310	310	310	310	310	ENSG00000200494.1	0	0	0	0
311	311	311	311	311	ENSG00000235208.2	0	0	0	0
312	312	312	312	312	ENSG00000228809.2	0	0	0	0
313	313	313	313	313	ENSG00000125870.11	0	0	0	0
314	314	314	314	314	ENSG00000125879.5	0	0	0	0
315	315	315	315	315	ENSG00000236985.1	0	0	0	0
316	316	316	316	316	ENSG00000212165.2	0	0	0	0
317	317	317	317	317	ENSG00000251955.1	0	0	0	0
318	318	318	318	318	ENSG00000220540.1	0	0	0	0
319	319	319	319	319	ENSG00000238833.1	0	0	0	0
320	320	320	320	320	ENSG00000286571.1	0	0	0	0
321	321	321	321	321	ENSG00000287241.1	0	0	0	0
322	322	322	322	322	ENSG00000125851.10	0	0	0	0
323	323	323	323	323	ENSG00000232241.1	0	0	0	0
324	324	324	324	324	ENSG00000125864.14	0	0	0	0
325	325	325	325	325	ENSG00000232333.1	0	0	0	0
326	326	326	326	326	ENSG00000277373.1	0	0	0	0
327	327	327	327	327	ENSG00000125868.16	6	0	0	0
328	328	328	328	328	ENSG00000202260.1	0	0	0	0
329	329	329	329	329	ENSG00000230495.1	0	0	0	0
330	330	330	330	330	ENSG00000125844.17	0	0	0	0
331	331	331	331	331	ENSG00000125888.15	0	0	0	0
332	332	332	332	332	ENSG00000233625.1	0	0	0	0
333	333	333	333	333	ENSG00000212555.1	0	0	0	0
334	334	334	334	334	ENSG00000089006.17	0	0	0	0
335	335	335	335	335	ENSG00000125850.11	0	0	0	0
336	336	336	336	336	ENSG00000212232.1	0	0	0	0
337	337	337	337	337	ENSG00000125871.14	0	0	0	0
338	338	338	338	338	ENSG00000218902.3	18	0	0	0
339	339	339	339	339	ENSG00000229262.1	0	0	0	0
340	340	340	340	340	ENSG00000227343.1	6	0	0	0
341	341	341	341	341	ENSG00000252597.1	0	0	0	0
342	342	342	342	342	ENSG00000207282.1	0	0	0	0
343	343	343	343	343	ENSG00000149474.15	0	0	0	0
344	344	344	344	344	ENSG00000232838.4	0	0	0	0
345	345	345	345	345	ENSG00000232943.1	0	0	0	0
346	346	346	346	346	ENSG00000266720.2	0	0	0	0
347	347	347	347	347	ENSG00000252635.1	0	0	0	0
348	348	348	348	348	ENSG00000287954.1	0	0	0	0
349	349	349	349	349	ENSG00000125846.17	0	0	0	0
350	350	350	350	350	ENSG00000230010.2	0	0	0	0
351	351	351	351	351	ENSG00000199719.1	0	0	0	0
352	352	352	352	352	ENSG00000237259.1	0	0	0	0
353	353	353	353	353	ENSG00000237282.3	0	0	0	0
354	354	354	354	354	ENSG00000089091.17	0	0	0	0
355	355	355	355	355	ENSG00000236474.1	0	0	0	0
356	356	356	356	356	ENSG00000252422.1	0	0	0	0
357	357	357	357	357	ENSG00000132664.13	0	0	0	0
358	358	358	358	358	ENSG00000265137.3	0	0	0	0
359	359	359	359	359	ENSG00000225419.1	6	0	0	0
360	360	360	360	360	ENSG00000089050.16	0	0	0	0
361	361	361	361	361	ENSG00000214612.3	24	0	0	0
362	362	362	362	362	ENSG00000101310.17	0	0	0	0
363	363	363	363	363	ENSG00000232388.5	0	0	0	0
364	364	364	364	364	ENSG00000284776.1	0	0	0	0
365	365	365	365	365	ENSG00000125821.13	0	0	0	0
366	366	366	366	366	ENSG00000243702.3	0	0	0	0
367	367	367	367	367	ENSG00000221806.1	0	0	0	0
368	368	368	368	368	ENSG00000232136.2	0	0	0	0
369	369	369	369	369	ENSG00000233993.1	0	0	0	0
370	370	370	370	370	ENSG00000233324.1	6	0	0	0
371	371	371	371	371	ENSG00000179935.10	0	0	0	0
372	372	372	372	372	ENSG00000273148.2	0	0	0	0
373	373	373	373	373	ENSG00000149443.7	0	0	0	0
374	374	374	374	374	ENSG00000132631.6	0	0	0	0
375	375	375	375	375	ENSG00000274863.1	0	0	0	0
376	376	376	376	376	ENSG00000287430.1	0	0	0	0
377	377	377	377	377	ENSG00000185052.13	0	0	0	0
378	378	378	378	378	ENSG00000235996.1	0	0	0	0
379	379	379	379	379	ENSG00000179447.2	0	0	0	0
380	380	380	380	380	ENSG00000232675.7	0	0	0	0
381	381	381	381	381	ENSG00000268628.2	0	0	0	0
382	382	382	382	382	ENSG00000132669.14	0	0	0	0
383	383	383	383	383	ENSG00000236992.2	0	0	0	0
384	384	384	384	384	ENSG00000173418.12	0	0	0	0
385	385	385	385	385	ENSG00000101343.15	0	0	0	0
386	386	386	386	386	ENSG00000089101.19	0	0	0	0
387	387	387	387	387	ENSG00000241054.1	0	0	0	0
388	388	388	388	388	ENSG00000225417.1	0	0	0	0
389	389	389	389	389	ENSG00000229500.1	6	0	0	0
390	390	390	390	390	ENSG00000243810.1	0	0	0	0
391	391	391	391	391	ENSG00000264879.2	0	0	0	0
392	392	392	392	392	ENSG00000280229.2	0	0	0	0
393	393	393	393	393	ENSG00000173404.5	0	0	0	0
394	394	394	394	394	ENSG00000188559.16	0	0	0	0
395	395	395	395	395	ENSG00000213384.2	0	0	0	0
396	396	396	396	396	ENSG00000270793.1	0	0	0	0
397	397	397	397	397	ENSG00000278525.1	0	0	0	0
398	398	398	398	398	ENSG00000225803.1	0	0	0	0
399	399	399	399	399	ENSG00000234104.1	0	0	0	0
400	400	400	400	400	ENSG00000225127.4	0	0	0	0
401	401	401	401	401	ENSG00000283405.2	0	0	0	0
402	402	402	402	402	ENSG00000235065.1	6	0	0	0
403	403	403	403	403	ENSG00000088970.16	0	0	0	0
404	404	404	404	404	ENSG00000199509.1	0	0	0	0
405	405	405	405	405	ENSG00000228604.3	0	0	0	0
406	406	406	406	406	ENSG00000232712.6	0	0	0	0
407	407	407	407	407	ENSG00000214535.3	36	0	0	0
408	408	408	408	408	ENSG00000226875.1	0	0	0	0
409	409	409	409	409	ENSG00000275457.1	0	0	0	0
410	410	410	410	410	ENSG00000088930.8	0	0	0	0
411	411	411	411	411	ENSG00000125816.5	0	0	0	0
412	412	412	412	412	ENSG00000225280.7	0	0	0	0
413	413	413	413	413	ENSG00000223128.1	0	0	0	0
414	414	414	414	414	ENSG00000226405.1	0	0	0	0
415	415	415	415	415	ENSG00000278041.1	6	0	0	0
416	416	416	416	416	ENSG00000227693.1	0	0	0	0
417	417	417	417	417	ENSG00000125820.6	0	0	0	0
418	418	418	418	418	ENSG00000258197.1	0	0	0	0
419	419	419	419	419	ENSG00000289590.1	0	0	0	0
420	420	420	420	420	ENSG00000289431.2	0	0	0	0
421	421	421	421	421	ENSG00000233492.2	0	0	0	0
422	422	422	422	422	ENSG00000279082.5	0	0	0	0
423	423	423	423	423	ENSG00000280350.1	0	0	0	0
424	424	424	424	424	ENSG00000278410.1	0	0	0	0
425	425	425	425	425	ENSG00000125813.15	0	0	0	0
426	426	426	426	426	ENSG00000233015.1	0	0	0	0
427	427	427	427	427	ENSG00000227063.5	54	0	0	0
428	428	428	428	428	ENSG00000238034.2	0	0	0	0
429	429	429	429	429	ENSG00000234435.3	0	0	0	0
430	430	430	430	430	ENSG00000234862.1	0	0	0	0
431	431	431	431	431	ENSG00000225321.2	0	0	0	0
432	432	432	432	432	ENSG00000225170.2	0	0	0	0
433	433	433	433	433	ENSG00000270838.1	0	0	0	0
434	434	434	434	434	ENSG00000204684.4	0	0	0	0
435	435	435	435	435	ENSG00000288974.2	0	0	0	0
436	436	436	436	436	ENSG00000259974.5	0	0	0	0
437	437	437	437	437	ENSG00000125798.15	0	0	0	0
438	438	438	438	438	ENSG00000237396.1	0	0	0	0
439	439	439	439	439	ENSG00000230400.3	0	0	0	0
440	440	440	440	440	ENSG00000283072.3	0	0	0	0
441	441	441	441	441	ENSG00000215553.3	12	0	0	0
442	442	442	442	442	ENSG00000213882.2	0	0	0	0
443	443	443	443	443	ENSG00000228935.1	0	0	0	0
444	444	444	444	444	ENSG00000230492.2	0	0	0	0
445	445	445	445	445	ENSG00000234646.7	0	0	0	0
446	446	446	446	446	ENSG00000132671.6	0	0	0	0
447	447	447	447	447	ENSG00000178726.7	0	0	0	0
448	448	448	448	448	ENSG00000279447.1	0	0	0	0
449	449	449	449	449	ENSG00000125810.10	0	0	0	0
450	450	450	450	450	ENSG00000233746.2	0	0	0	0
451	451	451	451	451	ENSG00000279164.1	0	0	0	0
452	452	452	452	452	ENSG00000201527.1	0	0	0	0
453	453	453	453	453	ENSG00000230387.5	0	0	0	0
454	454	454	454	454	ENSG00000277901.1	0	0	0	0
455	455	455	455	455	ENSG00000234832.1	0	0	0	0
456	456	456	456	456	ENSG00000132661.4	0	0	0	0
457	457	457	457	457	ENSG00000232645.7	0	0	0	0
458	458	458	458	458	ENSG00000125812.16	0	0	0	0
459	459	459	459	459	ENSG00000125814.17	0	0	0	0
460	460	460	460	460	ENSG00000201728.1	0	0	0	0
461	461	461	461	461	ENSG00000125823.13	0	0	0	0
462	462	462	462	462	ENSG00000125831.10	0	0	0	0
463	463	463	463	463	ENSG00000273838.2	0	0	0	0
464	464	464	464	464	ENSG00000200208.1	0	0	0	0
465	465	465	465	465	ENSG00000226344.1	0	0	0	0
466	466	466	466	466	ENSG00000260202.2	0	0	0	0
467	467	467	467	467	ENSG00000276638.1	0	0	0	0
468	468	468	468	468	ENSG00000125815.9	0	0	0	0
469	469	469	469	469	ENSG00000290388.1	0	0	0	0
470	470	470	470	470	ENSG00000204663.10	0	0	0	0
471	471	471	471	471	ENSG00000204662.2	0	0	0	0
472	472	472	472	472	ENSG00000101435.5	0	0	0	0
473	473	473	473	473	ENSG00000204658.5	0	0	0	0
474	474	474	474	474	ENSG00000173335.5	0	0	0	0
475	475	475	475	475	ENSG00000101439.9	0	0	0	0
476	476	476	476	476	ENSG00000270001.1	0	0	0	0
477	477	477	477	477	ENSG00000225056.1	0	0	0	0
478	478	478	478	478	ENSG00000286117.2	0	0	0	0
479	479	479	479	479	ENSG00000101441.5	0	0	0	0
480	480	480	480	480	ENSG00000232595.1	0	0	0	0
481	481	481	481	481	ENSG00000286270.2	0	0	0	0
482	482	482	482	482	ENSG00000170373.9	0	0	0	0
483	483	483	483	483	ENSG00000277975.1	0	0	0	0
484	484	484	484	484	ENSG00000230908.2	0	0	0	0
485	485	485	485	485	ENSG00000170369.4	0	0	0	0
486	486	486	486	486	ENSG00000170367.5	0	0	0	0
487	487	487	487	487	ENSG00000290390.1	0	0	0	0
488	488	488	488	488	ENSG00000228476.3	0	0	0	0
489	489	489	489	489	ENSG00000236168.1	0	0	0	0
490	490	490	490	490	ENSG00000149435.12	0	0	0	0
491	491	491	491	491	ENSG00000167390.8	0	0	0	0
492	492	492	492	492	ENSG00000230133.2	0	0	0	0
493	493	493	493	493	ENSG00000236151.1	0	0	0	0
494	494	494	494	494	ENSG00000200231.1	0	0	0	0
495	495	495	495	495	ENSG00000232200.2	0	0	0	0
496	496	496	496	496	ENSG00000234069.1	0	0	0	0
497	497	497	497	497	ENSG00000101463.6	0	0	0	0
498	498	498	498	498	ENSG00000228539.1	0	0	0	0
499	499	499	499	499	ENSG00000231015.1	0	0	0	0
500	500	500	500	500	ENSG00000274173.1	0	0	0	0
501	501	501	501	501	ENSG00000077984.6	0	0	0	0
502	502	502	502	502	ENSG00000101474.12	6	0	0	0
503	503	503	503	503	ENSG00000207355.1	0	0	0	0
504	504	504	504	504	ENSG00000286444.1	0	0	0	0
505	505	505	505	505	ENSG00000154930.15	0	0	0	0
506	506	506	506	506	ENSG00000275358.1	0	0	0	0
507	507	507	507	507	ENSG00000100987.15	0	0	0	0
508	508	508	508	508	ENSG00000225069.3	0	0	0	0
509	509	509	509	509	ENSG00000230725.6	0	0	0	0
510	510	510	510	510	ENSG00000225344.1	0	0	0	0
511	511	511	511	511	ENSG00000286472.1	0	0	0	0
512	512	512	512	512	ENSG00000197586.13	0	0	0	0
513	513	513	513	513	ENSG00000202414.1	0	0	0	0
514	514	514	514	514	ENSG00000279322.1	0	0	0	0
515	515	515	515	515	ENSG00000277938.1	0	0	0	0
516	516	516	516	516	ENSG00000274414.1	0	0	0	0
517	517	517	517	517	ENSG00000100994.12	0	0	0	0
518	518	518	518	518	ENSG00000274507.1	0	0	0	0
519	519	519	519	519	ENSG00000276952.1	0	0	0	0
520	520	520	520	520	ENSG00000100997.20	0	0	0	0
521	521	521	521	521	ENSG00000227379.2	6	0	0	0
522	522	522	522	522	ENSG00000101003.12	6	0	0	0
523	523	523	523	523	ENSG00000101004.16	0	0	0	0
524	524	524	524	524	ENSG00000251883.1	0	0	0	0
525	525	525	525	525	ENSG00000170191.5	0	0	0	0
526	526	526	526	526	ENSG00000213742.8	0	0	0	0
527	527	527	527	527	ENSG00000242236.2	0	0	0	0
528	528	528	528	528	ENSG00000236542.1	0	0	0	0
529	529	529	529	529	ENSG00000130684.14	0	0	0	0
530	530	530	530	530	ENSG00000278383.1	0	0	0	0
531	531	531	531	531	ENSG00000226465.5	0	0	0	0
532	532	532	532	532	ENSG00000230772.1	0	0	0	0
533	533	533	533	533	ENSG00000175170.16	0	0	0	0
534	534	534	534	534	ENSG00000275048.1	0	0	0	0
535	535	535	535	535	ENSG00000250090.1	0	0	0	0
536	536	536	536	536	ENSG00000274973.1	0	0	0	0
537	537	537	537	537	ENSG00000228593.1	0	0	0	0
538	538	538	538	538	ENSG00000226203.2	0	0	0	0
539	539	539	539	539	ENSG00000125804.14	0	0	0	0
540	540	540	540	540	ENSG00000231081.1	0	0	0	0
541	541	541	541	541	ENSG00000287569.1	0	0	0	0
542	542	542	542	542	ENSG00000204556.4	0	0	0	0
543	543	543	543	543	ENSG00000277508.1	0	0	0	0
544	544	544	544	544	ENSG00000290409.1	0	0	0	0
545	545	545	545	545	ENSG00000240108.2	0	0	0	0
546	546	546	546	546	ENSG00000230440.1	0	0	0	0
547	547	547	547	547	ENSG00000287211.1	0	0	0	0
548	548	548	548	548	ENSG00000227195.11	0	0	0	0
549	549	549	549	549	ENSG00000238129.5	0	0	0	0
550	550	550	550	550	ENSG00000284419.1	0	0	0	0
551	551	551	551	551	ENSG00000291100.1	0	0	0	0
552	552	552	552	552	ENSG00000282826.5	0	0	0	0
553	553	553	553	553	ENSG00000282870.1	0	0	0	0
554	554	554	554	554	ENSG00000283568.1	0	0	0	0
555	555	555	555	555	ENSG00000283069.1	0	0	0	0
556	556	556	556	556	ENSG00000282949.1	0	0	0	0
557	557	557	557	557	ENSG00000282894.1	0	0	0	0
558	558	558	558	558	ENSG00000282935.1	0	0	0	0
559	559	559	559	559	ENSG00000282842.1	0	0	0	0
560	560	560	560	560	ENSG00000283123.1	0	0	0	0
561	561	561	561	561	ENSG00000282968.1	0	0	0	0
562	562	562	562	562	ENSG00000282911.1	0	0	0	0
563	563	563	563	563	ENSG00000282995.1	0	0	0	0
564	564	564	564	564	ENSG00000287889.1	0	0	0	0
565	565	565	565	565	ENSG00000283592.1	0	0	0	0
566	566	566	566	566	ENSG00000282921.1	0	0	0	0
567	567	567	567	567	ENSG00000283291.1	0	0	0	0
568	568	568	568	568	ENSG00000283005.1	0	0	0	0
569	569	569	569	569	ENSG00000283433.1	0	0	0	0
570	570	570	570	570	ENSG00000283020.1	0	0	0	0
571	571	571	571	571	ENSG00000204555.3	0	0	0	0
572	572	572	572	572	ENSG00000205611.5	0	0	0	0
573	573	573	573	573	ENSG00000286483.1	0	0	0	0
574	574	574	574	574	ENSG00000287288.1	0	0	0	0
575	575	575	575	575	ENSG00000200325.1	0	0	0	0
576	576	576	576	576	ENSG00000231934.2	0	0	0	0
577	577	577	577	577	ENSG00000149531.15	0	0	0	0
578	578	578	578	578	ENSG00000238151.1	0	0	0	0
579	579	579	579	579	ENSG00000275877.1	0	0	0	0
580	580	580	580	580	ENSG00000290901.1	0	0	0	0
581	581	581	581	581	ENSG00000283443.3	0	0	0	0
582	582	582	582	582	ENSG00000277112.4	0	0	0	0
583	583	583	583	583	ENSG00000274385.1	0	0	0	0
584	584	584	584	584	ENSG00000290900.1	0	0	0	0
585	585	585	585	585	ENSG00000275305.1	0	0	0	0
586	586	586	586	586	ENSG00000215547.1	0	0	0	0
587	587	587	587	587	ENSG00000215546.2	0	0	0	0
588	588	588	588	588	ENSG00000224628.2	0	0	0	0
589	589	589	589	589	ENSG00000215545.1	0	0	0	0
590	590	590	590	590	ENSG00000237929.1	0	0	0	0
591	591	591	591	591	ENSG00000236121.1	0	0	0	0
592	592	592	592	592	ENSG00000252649.1	0	0	0	0
593	593	593	593	593	ENSG00000212717.3	0	0	0	0
594	594	594	594	594	ENSG00000131068.4	0	0	0	0
595	595	595	595	595	ENSG00000212134.1	0	0	0	0
596	596	596	596	596	ENSG00000180483.7	0	0	0	0
597	597	597	597	597	ENSG00000204548.4	0	0	0	0
598	598	598	598	598	ENSG00000290996.1	0	0	0	0
599	599	599	599	599	ENSG00000204547.8	0	0	0	0
600	600	600	600	600	ENSG00000180424.7	0	0	0	0
601	601	601	601	601	ENSG00000180383.4	0	0	0	0
602	602	602	602	602	ENSG00000088320.4	0	0	0	0
603	603	603	603	603	ENSG00000233354.1	0	0	0	0
604	604	604	604	604	ENSG00000101294.18	0	0	0	0
605	605	605	605	605	ENSG00000274364.1	0	0	0	0
606	606	606	606	606	ENSG00000101898.7	0	0	0	0
607	607	607	607	607	ENSG00000235313.1	0	0	0	0
608	608	608	608	608	ENSG00000230613.1	0	0	0	0
609	609	609	609	609	ENSG00000278276.1	0	0	0	0
610	610	610	610	610	ENSG00000201770.1	0	0	0	0
611	611	611	611	611	ENSG00000289875.1	0	0	0	0
612	612	612	612	612	ENSG00000125968.9	6	0	0	0
613	613	613	613	613	ENSG00000264395.1	0	0	0	0
614	614	614	614	614	ENSG00000131055.5	0	0	0	0
615	615	615	615	615	ENSG00000171552.14	0	0	0	0
616	616	616	616	616	ENSG00000236559.1	0	0	0	0
617	617	617	617	617	ENSG00000281376.1	0	0	0	0
618	618	618	618	618	ENSG00000289492.1	0	0	0	0
619	619	619	619	619	ENSG00000088325.16	0	0	0	0
620	620	620	620	620	ENSG00000230801.1	0	0	0	0
621	621	621	621	621	ENSG00000101306.11	0	0	0	0
622	622	622	622	622	ENSG00000179772.8	0	0	0	0
623	623	623	623	623	ENSG00000149599.16	0	0	0	0
624	624	624	624	624	ENSG00000131044.19	0	0	0	0
625	625	625	625	625	ENSG00000199497.1	0	0	0	0
626	626	626	626	626	ENSG00000088356.6	0	0	0	0
627	627	627	627	627	ENSG00000260903.3	0	0	0	0
628	628	628	628	628	ENSG00000278012.1	0	0	0	0
629	629	629	629	629	ENSG00000226239.2	0	0	0	0
630	630	630	630	630	ENSG00000252623.1	0	0	0	0
631	631	631	631	631	ENSG00000101331.17	0	0	0	0
632	632	632	632	632	ENSG00000212571.1	0	0	0	0
633	633	633	633	633	ENSG00000101336.18	0	0	0	0
634	634	634	634	634	ENSG00000101337.16	0	0	0	0
635	635	635	635	635	ENSG00000275576.1	0	0	0	0
636	636	636	636	636	ENSG00000224452.1	0	0	0	0
637	637	637	637	637	ENSG00000235217.6	0	0	0	0
638	638	638	638	638	ENSG00000126003.7	0	0	0	0
639	639	639	639	639	ENSG00000101346.15	0	0	0	0
640	640	640	640	640	ENSG00000284125.1	0	0	0	0
641	641	641	641	641	ENSG00000287850.1	0	0	0	0
642	642	642	642	642	ENSG00000101350.8	0	0	0	0
643	643	643	643	643	ENSG00000277692.1	0	0	0	0
644	644	644	644	644	ENSG00000171456.21	0	0	0	0
645	645	645	645	645	ENSG00000197183.15	0	0	0	0
646	646	646	646	646	ENSG00000236772.1	0	0	0	0
647	647	647	647	647	ENSG00000286311.1	0	0	0	0
648	648	648	648	648	ENSG00000277301.1	0	0	0	0
649	649	649	649	649	ENSG00000233293.1	0	0	0	0
650	650	650	650	650	ENSG00000204393.7	0	0	0	0
651	651	651	651	651	ENSG00000228156.1	0	0	0	0
652	652	652	652	652	ENSG00000198547.10	0	0	0	0
653	653	653	653	653	ENSG00000285382.1	0	0	0	0
654	654	654	654	654	ENSG00000175730.8	0	0	0	0
655	655	655	655	655	ENSG00000149600.12	0	0	0	0
656	656	656	656	656	ENSG00000088305.19	0	0	0	0
657	657	657	657	657	ENSG00000101367.9	0	0	0	0
658	658	658	658	658	ENSG00000260536.1	0	0	0	0
659	659	659	659	659	ENSG00000260257.2	0	0	0	0
660	660	660	660	660	ENSG00000215529.13	0	0	0	0
661	661	661	661	661	ENSG00000167098.12	0	0	0	0
662	662	662	662	662	ENSG00000078898.7	0	0	0	0
663	663	663	663	663	ENSG00000167104.11	0	0	0	0
664	664	664	664	664	ENSG00000214245.3	0	0	0	0
665	665	665	665	665	ENSG00000186190.8	0	0	0	0
666	666	666	666	666	ENSG00000186191.9	0	0	0	0
667	667	667	667	667	ENSG00000131050.11	0	0	0	0
668	668	668	668	668	ENSG00000237662.1	0	0	0	0
669	669	669	669	669	ENSG00000290942.1	0	0	0	0
670	670	670	670	670	ENSG00000183566.11	0	0	0	0
671	671	671	671	671	ENSG00000224876.1	0	0	0	0
672	672	672	672	672	ENSG00000131059.12	0	0	0	0
673	673	673	673	673	ENSG00000198183.12	0	0	0	0
674	674	674	674	674	ENSG00000233106.1	0	0	0	0
675	675	675	675	675	ENSG00000125999.11	0	0	0	0
676	676	676	676	676	ENSG00000233146.1	0	0	0	0
677	677	677	677	677	ENSG00000125997.5	0	0	0	0
678	678	678	678	678	ENSG00000101391.21	0	0	0	0
679	679	679	679	679	ENSG00000288878.1	0	0	0	0
680	680	680	680	680	ENSG00000101400.6	0	0	0	0
681	681	681	681	681	ENSG00000078699.22	0	0	0	0
682	682	682	682	682	ENSG00000275223.1	0	0	0	0
683	683	683	683	683	ENSG00000125967.17	0	0	0	0
684	684	684	684	684	ENSG00000149609.6	0	0	0	0
685	685	685	685	685	ENSG00000288649.2	0	0	0	0
686	686	686	686	686	ENSG00000271803.1	0	0	0	0
687	687	687	687	687	ENSG00000101412.13	0	0	0	0
688	688	688	688	688	ENSG00000101417.12	6	0	0	0
689	689	689	689	689	ENSG00000229188.2	0	0	0	0
690	690	690	690	690	ENSG00000131061.15	0	0	0	0
691	691	691	691	691	ENSG00000230837.1	6	0	0	0
692	692	692	692	692	ENSG00000230753.6	0	0	0	0
693	693	693	693	693	ENSG00000101421.4	0	0	0	0
694	694	694	694	694	ENSG00000214200.2	6	0	0	0
695	695	695	695	695	ENSG00000228958.1	0	0	0	0
696	696	696	696	696	ENSG00000285230.3	0	0	0	0
697	697	697	697	697	ENSG00000125970.12	0	0	0	0
698	698	698	698	698	ENSG00000228386.2	0	0	0	0
699	699	699	699	699	ENSG00000264616.1	0	0	0	0
700	700	700	700	700	ENSG00000125977.7	6	0	0	0
701	701	701	701	701	ENSG00000225246.1	0	0	0	0
702	702	702	702	702	ENSG00000287853.1	0	0	0	0
703	703	703	703	703	ENSG00000101440.10	0	0	0	0
704	704	704	704	704	ENSG00000214185.3	0	0	0	0
705	705	705	705	705	ENSG00000250917.1	0	0	0	0
706	706	706	706	706	ENSG00000236456.1	0	0	0	0
707	707	707	707	707	ENSG00000101444.13	0	0	0	0
708	708	708	708	708	ENSG00000272945.1	0	0	0	0
709	709	709	709	709	ENSG00000234087.1	0	0	0	0
710	710	710	710	710	ENSG00000078747.17	0	0	0	0
711	711	711	711	711	ENSG00000289720.1	0	0	0	0
712	712	712	712	712	ENSG00000201498.1	0	0	0	0
713	713	713	713	713	ENSG00000234933.1	0	0	0	0
714	714	714	714	714	ENSG00000236388.1	0	0	0	0
715	715	715	715	715	ENSG00000231795.1	0	0	0	0
716	716	716	716	716	ENSG00000207997.1	0	0	0	0
717	717	717	717	717	ENSG00000181741.7	0	0	0	0
718	718	718	718	718	ENSG00000277558.1	0	0	0	0
719	719	719	719	719	ENSG00000125971.18	0	0	0	0
720	720	720	720	720	ENSG00000206582.1	0	0	0	0
721	721	721	721	721	ENSG00000101460.13	0	0	0	0
722	722	722	722	722	ENSG00000101464.11	0	0	0	0
723	723	723	723	723	ENSG00000231034.1	0	0	0	0
724	724	724	724	724	ENSG00000198646.14	0	0	0	0
725	725	725	725	725	ENSG00000078804.13	0	0	0	0
726	726	726	726	726	ENSG00000286803.1	0	0	0	0
727	727	727	727	727	ENSG00000225336.2	0	0	0	0
728	728	728	728	728	ENSG00000131067.17	0	0	0	0
729	729	729	729	729	ENSG00000131069.20	0	0	0	0
730	730	730	730	730	ENSG00000100983.12	0	0	0	0
731	731	731	731	731	ENSG00000078814.18	0	0	0	0
732	732	732	732	732	ENSG00000207635.1	0	0	0	0
733	733	733	733	733	ENSG00000283441.1	0	0	0	0
734	734	734	734	734	ENSG00000100991.12	0	0	0	0
735	735	735	735	735	ENSG00000202150.1	0	0	0	0
736	736	736	736	736	ENSG00000088298.13	0	0	0	0
737	737	737	737	737	ENSG00000201151.1	0	0	0	0
738	738	738	738	738	ENSG00000101000.6	0	0	0	0
739	739	739	739	739	ENSG00000278367.1	0	0	0	0
740	740	740	740	740	ENSG00000200301.1	0	0	0	0
741	741	741	741	741	ENSG00000126005.17	0	0	0	0
742	742	742	742	742	ENSG00000229230.3	0	0	0	0
743	743	743	743	743	ENSG00000125966.10	0	0	0	0
744	744	744	744	744	ENSG00000279253.1	0	0	0	0
745	745	745	745	745	ENSG00000261582.1	0	0	0	0
746	746	746	746	746	ENSG00000242372.9	0	0	0	0
747	747	747	747	747	ENSG00000235214.1	0	0	0	0
748	748	748	748	748	ENSG00000125998.8	0	0	0	0
749	749	749	749	749	ENSG00000101019.22	0	0	0	0
750	750	750	750	750	ENSG00000204183.3	0	0	0	0
751	751	751	751	751	ENSG00000125965.9	0	0	0	0
752	752	752	752	752	ENSG00000221763.1	0	0	0	0
753	753	753	753	753	ENSG00000126001.17	0	0	0	0
754	754	754	754	754	ENSG00000230155.8	0	0	0	0
755	755	755	755	755	ENSG00000290934.1	0	0	0	0
756	756	756	756	756	ENSG00000242507.7	0	0	0	0
757	757	757	757	757	ENSG00000125975.14	0	0	0	0
758	758	758	758	758	ENSG00000125991.21	12	0	0	0
759	759	759	759	759	ENSG00000224497.1	0	0	0	0
760	760	760	760	760	ENSG00000088340.17	0	0	0	0
761	761	761	761	761	ENSG00000227401.1	12	0	0	0
762	762	762	762	762	ENSG00000061656.11	0	0	0	0
763	763	763	763	763	ENSG00000214078.13	0	0	0	0
764	764	764	764	764	ENSG00000272897.5	0	0	0	0
765	765	765	765	765	ENSG00000222460.1	0	0	0	0
766	766	766	766	766	ENSG00000252549.1	0	0	0	0
767	767	767	767	767	ENSG00000244462.8	0	0	0	0
768	768	768	768	768	ENSG00000244005.13	0	0	0	0
769	769	769	769	769	ENSG00000125995.16	12	0	0	0
770	770	770	770	770	ENSG00000131051.24	0	0	0	0
771	771	771	771	771	ENSG00000289872.1	0	0	0	0
772	772	772	772	772	ENSG00000225357.3	0	0	0	0
773	773	773	773	773	ENSG00000283527.1	0	0	0	0
774	774	774	774	774	ENSG00000025293.17	0	0	0	0
775	775	775	775	775	ENSG00000234274.1	0	0	0	0
776	776	776	776	776	ENSG00000199676.1	0	0	0	0
777	777	777	777	777	ENSG00000219608.3	0	0	0	0
778	778	778	778	778	ENSG00000201221.1	0	0	0	0
779	779	779	779	779	ENSG00000207053.1	0	0	0	0
780	780	780	780	780	ENSG00000171222.11	0	0	0	0
781	781	781	781	781	ENSG00000149646.12	0	0	0	0
782	782	782	782	782	ENSG00000260032.2	0	0	0	0
783	783	783	783	783	ENSG00000234139.6	0	0	0	0
784	784	784	784	784	ENSG00000277235.1	0	0	0	0
785	785	785	785	785	ENSG00000231470.1	0	0	0	0
786	786	786	786	786	ENSG00000237063.1	0	0	0	0
787	787	787	787	787	ENSG00000088367.23	0	0	0	0
788	788	788	788	788	ENSG00000232406.8	0	0	0	0
789	789	789	789	789	ENSG00000278035.1	0	0	0	0
790	790	790	790	790	ENSG00000131043.13	0	0	0	0
791	791	791	791	791	ENSG00000080845.19	0	0	0	0
792	792	792	792	792	ENSG00000232907.9	0	0	0	0
793	793	793	793	793	ENSG00000101335.10	0	0	0	0
794	794	794	794	794	ENSG00000273986.1	0	0	0	0
795	795	795	795	795	ENSG00000118707.11	0	0	0	0
796	796	796	796	796	ENSG00000259399.1	0	0	0	0
797	797	797	797	797	ENSG00000101084.19	0	0	0	0
798	798	798	798	798	ENSG00000101082.14	0	0	0	0
799	799	799	799	799	ENSG00000227688.2	6	0	0	0
800	800	800	800	800	ENSG00000101079.21	0	0	0	0
801	801	801	801	801	ENSG00000202255.1	0	0	0	0
802	802	802	802	802	ENSG00000289373.1	0	0	0	0
803	803	803	803	803	ENSG00000149636.16	0	0	0	0
804	804	804	804	804	ENSG00000149639.15	0	0	0	0
805	805	805	805	805	ENSG00000242509.3	0	0	0	0
806	806	806	806	806	ENSG00000101342.10	0	0	0	0
807	807	807	807	807	ENSG00000101347.11	0	0	0	0
808	808	808	808	808	ENSG00000080839.12	0	0	0	0
809	809	809	809	809	ENSG00000231241.1	0	0	0	0
810	810	810	810	810	ENSG00000226144.2	6	0	0	0
811	811	811	811	811	ENSG00000269846.1	0	0	0	0
812	812	812	812	812	ENSG00000101353.16	0	0	0	0
813	813	813	813	813	ENSG00000236159.1	0	0	0	0
814	814	814	814	814	ENSG00000118705.18	0	0	0	0
815	815	815	815	815	ENSG00000118702.11	0	0	0	0
816	816	816	816	816	ENSG00000101363.13	0	0	0	0
817	817	817	817	817	ENSG00000286240.1	0	0	0	0
818	818	818	818	818	ENSG00000197122.13	0	0	0	0
819	819	819	819	819	ENSG00000213979.3	12	0	0	0
820	820	820	820	820	ENSG00000166619.15	0	0	0	0
821	821	821	821	821	ENSG00000053438.11	0	0	0	0
822	822	822	822	822	ENSG00000276603.1	0	0	0	0
823	823	823	823	823	ENSG00000235044.1	6	0	0	0
824	824	824	824	824	ENSG00000274469.2	0	0	0	0
825	825	825	825	825	ENSG00000228234.1	0	0	0	0
826	826	826	826	826	ENSG00000225759.1	0	0	0	0
827	827	827	827	827	ENSG00000204117.2	0	0	0	0
828	828	828	828	828	ENSG00000132792.19	0	0	0	0
829	829	829	829	829	ENSG00000132821.12	0	0	0	0
830	830	830	830	830	ENSG00000199683.1	0	0	0	0
831	831	831	831	831	ENSG00000101407.13	0	0	0	0
832	832	832	832	832	ENSG00000101413.12	0	0	0	0
833	833	833	833	833	ENSG00000264767.2	0	0	0	0
834	834	834	834	834	ENSG00000277550.1	0	0	0	0
835	835	835	835	835	ENSG00000198959.12	0	0	0	0
836	836	836	836	836	ENSG00000149633.12	0	0	0	0
837	837	837	837	837	ENSG00000277829.1	0	0	0	0
838	838	838	838	838	ENSG00000285144.1	0	0	0	0
839	839	839	839	839	ENSG00000285347.1	0	0	0	0
840	840	840	840	840	ENSG00000285100.1	0	0	0	0
841	841	841	841	841	ENSG00000206249.3	0	0	0	0
842	842	842	842	842	ENSG00000101425.14	0	0	0	0
843	843	843	843	843	ENSG00000129988.6	0	0	0	0
844	844	844	844	844	ENSG00000275285.1	0	0	0	0
845	845	845	845	845	ENSG00000224635.2	0	0	0	0
846	846	846	846	846	ENSG00000275401.1	0	0	0	0
847	847	847	847	847	ENSG00000196756.15	0	0	0	0
848	848	848	848	848	ENSG00000277034.1	0	0	0	0
849	849	849	849	849	ENSG00000235408.6	0	0	0	0
850	850	850	850	850	ENSG00000225091.3	0	0	0	0
851	851	851	851	851	ENSG00000201512.1	0	0	0	0
852	852	852	852	852	ENSG00000200354.1	0	0	0	0
853	853	853	853	853	ENSG00000201811.1	0	0	0	0
854	854	854	854	854	ENSG00000174365.22	0	0	0	0
855	855	855	855	855	ENSG00000274309.1	0	0	0	0
856	856	856	856	856	ENSG00000199266.1	0	0	0	0
857	857	857	857	857	ENSG00000170471.15	0	0	0	0
858	858	858	858	858	ENSG00000275453.2	0	0	0	0
859	859	859	859	859	ENSG00000231307.1	0	0	0	0
860	860	860	860	860	ENSG00000182035.13	0	0	0	0
861	861	861	861	861	ENSG00000289012.1	0	0	0	0
862	862	862	862	862	ENSG00000124143.11	0	0	0	0
863	863	863	863	863	ENSG00000213959.2	0	0	0	0
864	864	864	864	864	ENSG00000277965.1	0	0	0	0
865	865	865	865	865	ENSG00000101438.4	0	0	0	0
866	866	866	866	866	ENSG00000101442.10	0	0	0	0
867	867	867	867	867	ENSG00000199691.1	0	0	0	0
868	868	868	868	868	ENSG00000101445.10	0	0	0	0
869	869	869	869	869	ENSG00000240474.3	0	0	0	0
870	870	870	870	870	ENSG00000101447.15	0	0	0	0
871	871	871	871	871	ENSG00000274825.1	0	0	0	0
872	872	872	872	872	ENSG00000261431.1	0	0	0	0
873	873	873	873	873	ENSG00000101452.15	0	0	0	0
874	874	874	874	874	ENSG00000277581.1	0	0	0	0
875	875	875	875	875	ENSG00000223864.1	6	0	0	0
876	876	876	876	876	ENSG00000230324.1	0	0	0	0
877	877	877	877	877	ENSG00000287983.1	0	0	0	0
878	878	878	878	878	ENSG00000224357.1	0	0	0	0
879	879	879	879	879	ENSG00000275337.1	0	0	0	0
880	880	880	880	880	ENSG00000286083.1	0	0	0	0
881	881	881	881	881	ENSG00000229976.2	0	0	0	0
882	882	882	882	882	ENSG00000234878.1	6	0	0	0
883	883	883	883	883	ENSG00000237767.4	0	0	0	0
884	884	884	884	884	ENSG00000233415.1	0	0	0	0
885	885	885	885	885	ENSG00000223410.1	0	0	0	0
886	886	886	886	886	ENSG00000204103.4	0	0	0	0
887	887	887	887	887	ENSG00000229771.2	0	0	0	0
888	888	888	888	888	ENSG00000286972.1	0	0	0	0
889	889	889	889	889	ENSG00000238908.1	0	0	0	0
890	890	890	890	890	ENSG00000222612.1	0	0	0	0
891	891	891	891	891	ENSG00000198900.7	0	0	0	0
892	892	892	892	892	ENSG00000226648.2	0	0	0	0
893	893	893	893	893	ENSG00000124181.15	0	0	0	0
894	894	894	894	894	ENSG00000276169.1	0	0	0	0
895	895	895	895	895	ENSG00000174306.22	0	0	0	0
896	896	896	896	896	ENSG00000272407.1	0	0	0	0
897	897	897	897	897	ENSG00000242748.1	0	0	0	0
898	898	898	898	898	ENSG00000263989.2	0	0	0	0
899	899	899	899	899	ENSG00000235102.1	0	0	0	0
900	900	900	900	900	ENSG00000132793.12	0	0	0	0
901	901	901	901	901	ENSG00000183798.5	0	0	0	0
902	902	902	902	902	ENSG00000229398.1	0	0	0	0
903	903	903	903	903	ENSG00000124177.16	0	0	0	0
904	904	904	904	904	ENSG00000235088.1	0	0	0	0
905	905	905	905	905	ENSG00000273951.1	0	0	0	0
906	906	906	906	906	ENSG00000232493.2	0	0	0	0
907	907	907	907	907	ENSG00000288843.2	0	0	0	0
908	908	908	908	908	ENSG00000252386.1	0	0	0	0
909	909	909	909	909	ENSG00000212224.1	0	0	0	0
910	910	910	910	910	ENSG00000225458.1	0	0	0	0
911	911	911	911	911	ENSG00000223651.1	0	0	0	0
912	912	912	912	912	ENSG00000228959.1	0	0	0	0
913	913	913	913	913	ENSG00000196090.13	0	0	0	0
914	914	914	914	914	ENSG00000229892.1	0	0	0	0
915	915	915	915	915	ENSG00000229042.2	0	0	0	0
916	916	916	916	916	ENSG00000227599.1	0	0	0	0
917	917	917	917	917	ENSG00000223190.1	0	0	0	0
918	918	918	918	918	ENSG00000233508.4	0	0	0	0
919	919	919	919	919	ENSG00000240639.3	0	0	0	0
920	920	920	920	920	ENSG00000226038.5	0	0	0	0
921	921	921	921	921	ENSG00000252193.1	0	0	0	0
922	922	922	922	922	ENSG00000237555.1	0	0	0	0
923	923	923	923	923	ENSG00000201021.1	0	0	0	0
924	924	924	924	924	ENSG00000233711.1	0	0	0	0
925	925	925	925	925	ENSG00000206998.1	0	0	0	0
926	926	926	926	926	ENSG00000124193.16	0	0	0	0
927	927	927	927	927	ENSG00000288000.1	0	0	0	0
928	928	928	928	928	ENSG00000201372.1	0	0	0	0
929	929	929	929	929	ENSG00000185513.18	0	0	0	0
930	930	930	930	930	ENSG00000234271.1	0	0	0	0
931	931	931	931	931	ENSG00000277611.1	0	0	0	0
932	932	932	932	932	ENSG00000226143.1	0	0	0	0
933	933	933	933	933	ENSG00000101049.18	0	0	0	0
934	934	934	934	934	ENSG00000282876.1	0	0	0	0
935	935	935	935	935	ENSG00000101052.13	0	0	0	0
936	936	936	936	936	ENSG00000215467.2	12	0	0	0
937	937	937	937	937	ENSG00000101057.16	0	0	0	0
938	938	938	938	938	ENSG00000124196.6	0	0	0	0
939	939	939	939	939	ENSG00000206801.1	0	0	0	0
940	940	940	940	940	ENSG00000233277.1	0	0	0	0
941	941	941	941	941	ENSG00000124191.18	0	0	0	0
942	942	942	942	942	ENSG00000241229.3	0	0	0	0
943	943	943	943	943	ENSG00000149596.7	0	0	0	0
944	944	944	944	944	ENSG00000287570.1	0	0	0	0
945	945	945	945	945	ENSG00000132823.11	0	0	0	0
946	946	946	946	946	ENSG00000223891.7	0	0	0	0
947	947	947	947	947	ENSG00000124194.17	0	0	0	0
948	948	948	948	948	ENSG00000197296.6	0	0	0	0
949	949	949	949	949	ENSG00000101074.5	0	0	0	0
950	950	950	950	950	ENSG00000201363.2	0	0	0	0
951	951	951	951	951	ENSG00000226812.2	0	0	0	0
952	952	952	952	952	ENSG00000101076.20	0	0	0	0
953	953	953	953	953	ENSG00000229005.2	0	0	0	0
954	954	954	954	954	ENSG00000233376.1	0	0	0	0
955	955	955	955	955	ENSG00000266151.1	0	0	0	0
956	956	956	956	956	ENSG00000168746.8	0	0	0	0
957	957	957	957	957	ENSG00000226243.1	18	0	0	0
958	958	958	958	958	ENSG00000124120.11	0	0	0	0
959	959	959	959	959	ENSG00000132824.14	0	0	0	0
960	960	960	960	960	ENSG00000168734.14	0	0	0	0
961	961	961	961	961	ENSG00000196839.14	0	0	0	0
962	962	962	962	962	ENSG00000283440.1	0	0	0	0
963	963	963	963	963	ENSG00000132832.10	0	0	0	0
964	964	964	964	964	ENSG00000244558.6	0	0	0	0
965	965	965	965	965	ENSG00000064205.11	0	0	0	0
966	966	966	966	966	ENSG00000124249.7	0	0	0	0
967	967	967	967	967	ENSG00000276223.1	0	0	0	0
968	968	968	968	968	ENSG00000101098.13	0	0	0	0
969	969	969	969	969	ENSG00000277708.1	0	0	0	0
970	970	970	970	970	ENSG00000286100.1	0	0	0	0
971	971	971	971	971	ENSG00000166913.13	0	0	0	0
972	972	972	972	972	ENSG00000101104.13	0	0	0	0
973	973	973	973	973	ENSG00000025772.8	0	0	0	0
974	974	974	974	974	ENSG00000227477.2	0	0	0	0
975	975	975	975	975	ENSG00000101109.13	0	0	0	0
976	976	976	976	976	ENSG00000252021.1	0	0	0	0
977	977	977	977	977	ENSG00000124134.9	0	0	0	0
978	978	978	978	978	ENSG00000175121.12	0	0	0	0
979	979	979	979	979	ENSG00000168703.5	0	0	0	0
980	980	980	980	980	ENSG00000291000.1	0	0	0	0
981	981	981	981	981	ENSG00000283142.2	0	0	0	0
982	982	982	982	982	ENSG00000124102.5	0	0	0	0
983	983	983	983	983	ENSG00000289172.2	0	0	0	0
984	984	984	984	984	ENSG00000124233.12	0	0	0	0
985	985	985	985	985	ENSG00000124157.7	0	0	0	0
986	986	986	986	986	ENSG00000233352.1	0	0	0	0
987	987	987	987	987	ENSG00000290777.1	0	0	0	0
988	988	988	988	988	ENSG00000243995.4	0	0	0	0
989	989	989	989	989	ENSG00000124107.5	0	0	0	0
990	990	990	990	990	ENSG00000124159.17	0	0	0	0
991	991	991	991	991	ENSG00000124232.11	0	0	0	0
992	992	992	992	992	ENSG00000124145.6	0	0	0	0
993	993	993	993	993	ENSG00000275894.1	0	0	0	0
994	994	994	994	994	ENSG00000204070.10	0	0	0	0
995	995	995	995	995	ENSG00000254806.5	0	0	0	0
996	996	996	996	996	ENSG00000124251.11	0	0	0	0
997	997	997	997	997	ENSG00000232880.1	0	0	0	0
998	998	998	998	998	ENSG00000244274.9	0	0	0	0
999	999	999	999	999	ENSG00000124155.19	6	0	0	0
1000	1000	1000	1000	1000	ENSG00000273555.1	0	0	0	0
1001	1001	1001	1001	1001	ENSG00000277022.1	0	0	0	0
1002	1002	1002	1002	1002	ENSG00000101443.18	0	0	0	0
1003	1003	1003	1003	1003	ENSG00000237464.1	0	0	0	0
1004	1004	1004	1004	1004	ENSG00000237068.1	0	0	0	0
1005	1005	1005	1005	1005	ENSG00000101446.8	0	0	0	0
1006	1006	1006	1006	1006	ENSG00000243543.10	0	0	0	0
1007	1007	1007	1007	1007	ENSG00000249139.2	0	0	0	0
1008	1008	1008	1008	1008	ENSG00000291238.1	0	0	0	0
1009	1009	1009	1009	1009	ENSG00000232135.1	0	0	0	0
1010	1010	1010	1010	1010	ENSG00000229900.1	0	0	0	0
1011	1011	1011	1011	1011	ENSG00000101448.14	0	0	0	0
1012	1012	1012	1012	1012	ENSG00000158901.12	0	0	0	0
1013	1013	1013	1013	1013	ENSG00000201923.1	0	0	0	0
1014	1014	1014	1014	1014	ENSG00000230860.1	0	0	0	0
1015	1015	1015	1015	1015	ENSG00000180205.4	0	0	0	0
1016	1016	1016	1016	1016	ENSG00000180305.5	0	0	0	0
1017	1017	1017	1017	1017	ENSG00000235508.3	138	0	0	0
1018	1018	1018	1018	1018	ENSG00000180083.11	0	0	0	0
1019	1019	1019	1019	1019	ENSG00000182931.10	0	0	0	0
1020	1020	1020	1020	1020	ENSG00000168634.5	0	0	0	0
1021	1021	1021	1021	1021	ENSG00000266071.1	0	0	0	0
1022	1022	1022	1022	1022	ENSG00000149651.4	0	0	0	0
1023	1023	1023	1023	1023	ENSG00000226188.2	18	0	0	0
1024	1024	1024	1024	1024	ENSG00000124116.19	0	0	0	0
1025	1025	1025	1025	1025	ENSG00000168630.3	0	0	0	0
1026	1026	1026	1026	1026	ENSG00000221046.1	0	0	0	0
1027	1027	1027	1027	1027	ENSG00000101457.13	0	0	0	0
1028	1028	1028	1028	1028	ENSG00000175063.17	0	0	0	0
1029	1029	1029	1029	1029	ENSG00000101470.10	0	0	0	0
1030	1030	1030	1030	1030	ENSG00000124104.19	0	0	0	0
1031	1031	1031	1031	1031	ENSG00000101473.17	0	0	0	0
1032	1032	1032	1032	1032	ENSG00000277051.1	0	0	0	0
1033	1033	1033	1033	1033	ENSG00000132801.7	0	0	0	0
1034	1034	1034	1034	1034	ENSG00000168612.5	0	0	0	0
1035	1035	1035	1035	1035	ENSG00000149634.5	0	0	0	0
1036	1036	1036	1036	1036	ENSG00000124257.7	0	0	0	0
1037	1037	1037	1037	1037	ENSG00000064601.21	0	0	0	0
1038	1038	1038	1038	1038	ENSG00000271984.1	0	0	0	0
1039	1039	1039	1039	1039	ENSG00000100979.15	0	0	0	0
1040	1040	1040	1040	1040	ENSG00000285796.1	0	0	0	0
1041	1041	1041	1041	1041	ENSG00000100982.12	0	0	0	0
1042	1042	1042	1042	1042	ENSG00000198026.8	0	0	0	0
1043	1043	1043	1043	1043	ENSG00000235525.1	0	0	0	0
1044	1044	1044	1044	1044	ENSG00000100985.7	0	0	0	0
1045	1045	1045	1045	1045	ENSG00000204044.6	0	0	0	0
1046	1046	1046	1046	1046	ENSG00000124140.15	0	0	0	0
1047	1047	1047	1047	1047	ENSG00000124160.12	0	0	0	0
1048	1048	1048	1048	1048	ENSG00000213820.3	30	0	0	0
1049	1049	1049	1049	1049	ENSG00000101017.15	0	0	0	0
1050	1050	1050	1050	1050	ENSG00000229957.1	0	0	0	0
1051	1051	1051	1051	1051	ENSG00000149654.11	0	0	0	0
1052	1052	1052	1052	1052	ENSG00000080189.15	0	0	0	0
1053	1053	1053	1053	1053	ENSG00000273828.2	0	0	0	0
1054	1054	1054	1054	1054	ENSG00000062598.18	0	0	0	0
1055	1055	1055	1055	1055	ENSG00000215452.5	0	0	0	0
1056	1056	1056	1056	1056	ENSG00000283757.1	0	0	0	0
1057	1057	1057	1057	1057	ENSG00000225849.2	0	0	0	0
1058	1058	1058	1058	1058	ENSG00000184617.10	0	0	0	0
1059	1059	1059	1059	1059	ENSG00000198185.12	0	0	0	0
1060	1060	1060	1060	1060	ENSG00000149635.3	0	0	0	0
1061	1061	1061	1061	1061	ENSG00000158296.14	0	0	0	0
1062	1062	1062	1062	1062	ENSG00000273893.1	0	0	0	0
1063	1063	1063	1063	1063	ENSG00000172315.6	0	0	0	0
1064	1064	1064	1064	1064	ENSG00000271784.1	0	0	0	0
1065	1065	1065	1065	1065	ENSG00000197496.6	0	0	0	0
1066	1066	1066	1066	1066	ENSG00000222874.1	0	0	0	0
1067	1067	1067	1067	1067	ENSG00000235922.1	0	0	0	0
1068	1068	1068	1068	1068	ENSG00000064655.19	0	0	0	0
1069	1069	1069	1069	1069	ENSG00000236028.1	0	0	0	0
1070	1070	1070	1070	1070	ENSG00000226769.1	0	0	0	0
1071	1071	1071	1071	1071	ENSG00000239783.1	0	0	0	0
1072	1072	1072	1072	1072	ENSG00000215450.2	0	0	0	0
1073	1073	1073	1073	1073	ENSG00000264901.1	0	0	0	0
1074	1074	1074	1074	1074	ENSG00000101040.20	0	0	0	0
1075	1075	1075	1075	1075	ENSG00000267882.2	0	0	0	0
1076	1076	1076	1076	1076	ENSG00000273451.1	0	0	0	0
1077	1077	1077	1077	1077	ENSG00000231119.2	0	0	0	0
1078	1078	1078	1078	1078	ENSG00000289329.1	0	0	0	0
1079	1079	1079	1079	1079	ENSG00000289848.1	0	0	0	0
1080	1080	1080	1080	1080	ENSG00000289895.1	0	0	0	0
1081	1081	1081	1081	1081	ENSG00000224565.2	0	0	0	0
1082	1082	1082	1082	1082	ENSG00000234075.1	0	0	0	0
1083	1083	1083	1083	1083	ENSG00000202186.1	0	0	0	0
1084	1084	1084	1084	1084	ENSG00000201742.1	0	0	0	0
1085	1085	1085	1085	1085	ENSG00000124151.19	0	0	0	0
1086	1086	1086	1086	1086	ENSG00000229853.1	0	0	0	0
1087	1087	1087	1087	1087	ENSG00000196562.16	0	0	0	0
1088	1088	1088	1088	1088	ENSG00000255438.2	0	0	0	0
1089	1089	1089	1089	1089	ENSG00000238950.1	0	0	0	0
1090	1090	1090	1090	1090	ENSG00000215448.3	0	0	0	0
1091	1091	1091	1091	1091	ENSG00000251770.1	0	0	0	0
1092	1092	1092	1092	1092	ENSG00000238785.1	0	0	0	0
1093	1093	1093	1093	1093	ENSG00000234967.2	0	0	0	0
1094	1094	1094	1094	1094	ENSG00000228503.1	0	0	0	0
1095	1095	1095	1095	1095	ENSG00000287443.1	0	0	0	0
1096	1096	1096	1096	1096	ENSG00000237423.3	0	0	0	0
1097	1097	1097	1097	1097	ENSG00000229522.1	0	0	0	0
1098	1098	1098	1098	1098	ENSG00000286179.1	0	0	0	0
1099	1099	1099	1099	1099	ENSG00000287335.2	0	0	0	0
1100	1100	1100	1100	1100	ENSG00000276923.1	0	0	0	0
1101	1101	1101	1101	1101	ENSG00000287107.1	0	0	0	0
1102	1102	1102	1102	1102	ENSG00000289072.1	0	0	0	0
1103	1103	1103	1103	1103	ENSG00000288083.1	0	0	0	0
1104	1104	1104	1104	1104	ENSG00000286063.1	0	0	0	0
1105	1105	1105	1105	1105	ENSG00000235621.10	0	0	0	0
1106	1106	1106	1106	1106	ENSG00000236874.1	0	0	0	0
1107	1107	1107	1107	1107	ENSG00000274261.2	0	0	0	0
1108	1108	1108	1108	1108	ENSG00000281365.1	0	0	0	0
1109	1109	1109	1109	1109	ENSG00000281460.1	0	0	0	0
1110	1110	1110	1110	1110	ENSG00000238452.1	0	0	0	0
1111	1111	1111	1111	1111	ENSG00000124126.14	0	0	0	0
1112	1112	1112	1112	1112	ENSG00000286159.1	0	0	0	0
1113	1113	1113	1113	1113	ENSG00000278231.1	0	0	0	0
1114	1114	1114	1114	1114	ENSG00000124198.10	0	0	0	0
1115	1115	1115	1115	1115	ENSG00000230758.1	0	0	0	0
1116	1116	1116	1116	1116	ENSG00000227431.6	0	0	0	0
1117	1117	1117	1117	1117	ENSG00000124207.17	6	0	0	0
1118	1118	1118	1118	1118	ENSG00000124214.21	0	0	0	0
1119	1119	1119	1119	1119	ENSG00000226284.1	0	0	0	0
1120	1120	1120	1120	1120	ENSG00000124228.15	0	0	0	0
1121	1121	1121	1121	1121	ENSG00000124201.15	0	0	0	0
1122	1122	1122	1122	1122	ENSG00000177410.13	0	0	0	0
1123	1123	1123	1123	1123	ENSG00000277830.1	0	0	0	0
1124	1124	1124	1124	1124	ENSG00000209042.1	0	0	0	0
1125	1125	1125	1125	1125	ENSG00000274760.1	0	0	0	0
1126	1126	1126	1126	1126	ENSG00000222365.1	0	0	0	0
1127	1127	1127	1127	1127	ENSG00000277967.1	0	0	0	0
1128	1128	1128	1128	1128	ENSG00000212304.1	0	0	0	0
1129	1129	1129	1129	1129	ENSG00000158445.10	0	0	0	0
1130	1130	1130	1130	1130	ENSG00000283529.2	0	0	0	0
1131	1131	1131	1131	1131	ENSG00000290421.1	0	0	0	0
1132	1132	1132	1132	1132	ENSG00000124212.6	0	0	0	0
1133	1133	1133	1133	1133	ENSG00000158470.5	0	0	0	0
1134	1134	1134	1134	1134	ENSG00000276031.1	0	0	0	0
1135	1135	1135	1135	1135	ENSG00000231878.1	0	0	0	0
1136	1136	1136	1136	1136	ENSG00000252540.1	0	0	0	0
1137	1137	1137	1137	1137	ENSG00000197818.12	0	0	0	0
1138	1138	1138	1138	1138	ENSG00000237788.1	0	0	0	0
1139	1139	1139	1139	1139	ENSG00000158480.11	0	0	0	0
1140	1140	1140	1140	1140	ENSG00000199490.1	0	0	0	0
1141	1141	1141	1141	1141	ENSG00000269103.2	0	0	0	0
1142	1142	1142	1142	1142	ENSG00000124226.11	0	0	0	0
1143	1143	1143	1143	1143	ENSG00000229222.1	0	0	0	0
1144	1144	1144	1144	1144	ENSG00000206710.1	0	0	0	0
1145	1145	1145	1145	1145	ENSG00000124216.4	0	0	0	0
1146	1146	1146	1146	1146	ENSG00000231265.1	0	0	0	0
1147	1147	1147	1147	1147	ENSG00000244687.13	0	0	0	0
1148	1148	1148	1148	1148	ENSG00000124208.16	0	0	0	0
1149	1149	1149	1149	1149	ENSG00000240849.11	0	0	0	0
1150	1150	1150	1150	1150	ENSG00000237595.7	0	0	0	0
1151	1151	1151	1151	1151	ENSG00000234698.1	0	0	0	0
1152	1152	1152	1152	1152	ENSG00000231742.6	0	0	0	0
1153	1153	1153	1153	1153	ENSG00000277449.1	0	0	0	0
1154	1154	1154	1154	1154	ENSG00000172216.6	0	0	0	0
1155	1155	1155	1155	1155	ENSG00000224397.9	0	0	0	0
1156	1156	1156	1156	1156	ENSG00000203999.10	0	0	0	0
1157	1157	1157	1157	1157	ENSG00000233077.2	0	0	0	0
1158	1158	1158	1158	1158	ENSG00000244376.3	0	0	0	0
1159	1159	1159	1159	1159	ENSG00000231715.1	0	0	0	0
1160	1160	1160	1160	1160	ENSG00000196396.10	0	0	0	0
1161	1161	1161	1161	1161	ENSG00000239742.3	0	0	0	0
1162	1162	1162	1162	1162	ENSG00000201501.1	0	0	0	0
1163	1163	1163	1163	1163	ENSG00000232043.1	0	0	0	0
1164	1164	1164	1164	1164	ENSG00000208018.1	0	0	0	0
1165	1165	1165	1165	1165	ENSG00000042062.13	0	0	0	0
1166	1166	1166	1166	1166	ENSG00000221091.1	0	0	0	0
1167	1167	1167	1167	1167	ENSG00000231302.1	6	0	0	0
1168	1168	1168	1168	1168	ENSG00000234693.1	0	0	0	0
1169	1169	1169	1169	1169	ENSG00000124171.9	0	0	0	0
1170	1170	1170	1170	1170	ENSG00000124243.19	0	0	0	0
1171	1171	1171	1171	1171	ENSG00000230043.1	0	0	0	0
1172	1172	1172	1172	1172	ENSG00000101126.18	0	0	0	0
1173	1173	1173	1173	1173	ENSG00000228663.1	0	0	0	0
1174	1174	1174	1174	1174	ENSG00000259456.4	0	0	0	0
1175	1175	1175	1175	1175	ENSG00000000419.14	0	0	0	0
1176	1176	1176	1176	1176	ENSG00000124217.5	0	0	0	0
1177	1177	1177	1177	1177	ENSG00000232358.1	0	0	0	0
1178	1178	1178	1178	1178	ENSG00000026559.14	0	0	0	0
1179	1179	1179	1179	1179	ENSG00000279835.1	0	0	0	0
1180	1180	1180	1180	1180	ENSG00000228820.2	18	0	0	0
1181	1181	1181	1181	1181	ENSG00000101096.20	0	0	0	0
1182	1182	1182	1182	1182	ENSG00000266761.1	0	0	0	0
1183	1183	1183	1183	1183	ENSG00000054793.14	0	0	0	0
1184	1184	1184	1184	1184	ENSG00000215444.2	12	0	0	0
1185	1185	1185	1185	1185	ENSG00000101115.13	0	0	0	0
1186	1186	1186	1186	1186	ENSG00000227964.1	0	0	0	0
1187	1187	1187	1187	1187	ENSG00000252467.1	0	0	0	0
1188	1188	1188	1188	1188	ENSG00000252654.1	0	0	0	0
1189	1189	1189	1189	1189	ENSG00000020256.20	0	0	0	0
1190	1190	1190	1190	1190	ENSG00000287511.1	0	0	0	0
1191	1191	1191	1191	1191	ENSG00000233347.1	0	0	0	0
1192	1192	1192	1192	1192	ENSG00000234948.2	0	0	0	0
1193	1193	1193	1193	1193	ENSG00000225785.1	0	0	0	0
1194	1194	1194	1194	1194	ENSG00000275958.1	0	0	0	0
1195	1195	1195	1195	1195	ENSG00000232465.1	0	0	0	0
1196	1196	1196	1196	1196	ENSG00000234821.1	0	0	0	0
1197	1197	1197	1197	1197	ENSG00000232294.6	0	0	0	0
1198	1198	1198	1198	1198	ENSG00000286250.1	0	0	0	0
1199	1199	1199	1199	1199	ENSG00000232286.1	0	0	0	0
1200	1200	1200	1200	1200	ENSG00000230636.1	0	0	0	0
1201	1201	1201	1201	1201	ENSG00000182463.16	0	0	0	0
1202	1202	1202	1202	1202	ENSG00000199218.1	0	0	0	0
1203	1203	1203	1203	1203	ENSG00000286865.1	0	0	0	0
1204	1204	1204	1204	1204	ENSG00000223492.1	0	0	0	0
1205	1205	1205	1205	1205	ENSG00000227705.1	0	0	0	0
1206	1206	1206	1206	1206	ENSG00000271774.1	0	0	0	0
1207	1207	1207	1207	1207	ENSG00000231703.2	0	0	0	0
1208	1208	1208	1208	1208	ENSG00000224530.1	0	0	0	0
1209	1209	1209	1209	1209	ENSG00000259723.1	0	0	0	0
1210	1210	1210	1210	1210	ENSG00000206959.1	0	0	0	0
1211	1211	1211	1211	1211	ENSG00000197670.6	0	0	0	0
1212	1212	1212	1212	1212	ENSG00000171940.14	0	0	0	0
1213	1213	1213	1213	1213	ENSG00000235415.1	0	0	0	0
1214	1214	1214	1214	1214	ENSG00000238468.1	0	0	0	0
1215	1215	1215	1215	1215	ENSG00000287886.1	0	0	0	0
1216	1216	1216	1216	1216	ENSG00000225563.2	0	0	0	0
1217	1217	1217	1217	1217	ENSG00000241721.1	0	0	0	0
1218	1218	1218	1218	1218	ENSG00000064787.14	0	0	0	0
1219	1219	1219	1219	1219	ENSG00000236352.1	0	0	0	0
1220	1220	1220	1220	1220	ENSG00000265595.1	0	0	0	0
1221	1221	1221	1221	1221	ENSG00000019186.10	0	0	0	0
1222	1222	1222	1222	1222	ENSG00000286587.1	0	0	0	0
1223	1223	1223	1223	1223	ENSG00000101132.10	0	0	0	0
1224	1224	1224	1224	1224	ENSG00000286229.1	0	0	0	0
1225	1225	1225	1225	1225	ENSG00000101134.12	0	0	0	0
1226	1226	1226	1226	1226	ENSG00000252089.1	0	0	0	0
1227	1227	1227	1227	1227	ENSG00000185834.10	24	0	0	0
1228	1228	1228	1228	1228	ENSG00000235166.8	0	0	0	0
1229	1229	1229	1229	1229	ENSG00000224008.1	0	0	0	0
1230	1230	1230	1230	1230	ENSG00000275923.1	0	0	0	0
1231	1231	1231	1231	1231	ENSG00000287478.1	0	0	0	0
1232	1232	1232	1232	1232	ENSG00000286006.2	0	0	0	0
1233	1233	1233	1233	1233	ENSG00000054803.4	0	0	0	0
1234	1234	1234	1234	1234	ENSG00000222118.1	0	0	0	0
1235	1235	1235	1235	1235	ENSG00000124089.4	0	0	0	0
1236	1236	1236	1236	1236	ENSG00000235594.1	0	0	0	0
1237	1237	1237	1237	1237	ENSG00000230843.1	0	0	0	0
1238	1238	1238	1238	1238	ENSG00000124098.10	0	0	0	0
1239	1239	1239	1239	1239	ENSG00000087586.18	0	0	0	0
1240	1240	1240	1240	1240	ENSG00000101138.12	0	0	0	0
1241	1241	1241	1241	1241	ENSG00000087589.17	0	0	0	0
1242	1242	1242	1242	1242	ENSG00000228601.1	0	0	0	0
1243	1243	1243	1243	1243	ENSG00000022277.13	0	0	0	0
1244	1244	1244	1244	1244	ENSG00000124091.10	0	0	0	0
1245	1245	1245	1245	1245	ENSG00000124103.10	0	0	0	0
1246	1246	1246	1246	1246	ENSG00000280387.1	0	0	0	0
1247	1247	1247	1247	1247	ENSG00000213714.1	0	0	0	0
1248	1248	1248	1248	1248	ENSG00000287079.1	0	0	0	0
1249	1249	1249	1249	1249	ENSG00000225657.2	0	0	0	0
1250	1250	1250	1250	1250	ENSG00000214541.3	0	0	0	0
1251	1251	1251	1251	1251	ENSG00000289199.2	0	0	0	0
1252	1252	1252	1252	1252	ENSG00000087510.7	0	0	0	0
1253	1253	1253	1253	1253	ENSG00000252091.1	0	0	0	0
1254	1254	1254	1254	1254	ENSG00000241821.3	0	0	0	0
1255	1255	1255	1255	1255	ENSG00000237000.1	0	0	0	0
1256	1256	1256	1256	1256	ENSG00000231604.2	0	0	0	0
1257	1257	1257	1257	1257	ENSG00000207158.1	0	0	0	0
1258	1258	1258	1258	1258	ENSG00000231078.1	0	0	0	0
1259	1259	1259	1259	1259	ENSG00000203266.3	0	0	0	0
1260	1260	1260	1260	1260	ENSG00000288086.1	0	0	0	0
1261	1261	1261	1261	1261	ENSG00000288946.1	0	0	0	0
1262	1262	1262	1262	1262	ENSG00000280220.1	0	0	0	0
1263	1263	1263	1263	1263	ENSG00000290004.1	0	0	0	0
1264	1264	1264	1264	1264	ENSG00000101144.13	0	0	0	0
1265	1265	1265	1265	1265	ENSG00000235032.1	0	0	0	0
1266	1266	1266	1266	1266	ENSG00000226308.2	0	0	0	0
1267	1267	1267	1267	1267	ENSG00000252064.1	0	0	0	0
1268	1268	1268	1268	1268	ENSG00000266666.1	0	0	0	0
1269	1269	1269	1269	1269	ENSG00000231005.1	6	0	0	0
1270	1270	1270	1270	1270	ENSG00000054796.13	0	0	0	0
1271	1271	1271	1271	1271	ENSG00000101146.13	0	0	0	0
1272	1272	1272	1272	1272	ENSG00000228995.1	0	0	0	0
1273	1273	1273	1273	1273	ENSG00000218018.4	0	0	0	0
1274	1274	1274	1274	1274	ENSG00000132819.17	0	0	0	0
1275	1275	1275	1275	1275	ENSG00000286052.1	0	0	0	0
1276	1276	1276	1276	1276	ENSG00000124097.8	12	0	0	0
1277	1277	1277	1277	1277	ENSG00000124092.13	0	0	0	0
1278	1278	1278	1278	1278	ENSG00000124253.11	0	0	0	0
1279	1279	1279	1279	1279	ENSG00000227297.1	0	0	0	0
1280	1280	1280	1280	1280	ENSG00000124256.15	0	0	0	0
1281	1281	1281	1281	1281	ENSG00000124225.16	0	0	0	0
1282	1282	1282	1282	1282	ENSG00000278709.2	0	0	0	0
1283	1283	1283	1283	1283	ENSG00000263453.1	0	0	0	0
1284	1284	1284	1284	1284	ENSG00000203971.2	0	0	0	0
1285	1285	1285	1285	1285	ENSG00000275852.1	0	0	0	0
1286	1286	1286	1286	1286	ENSG00000225708.6	0	0	0	0
1287	1287	1287	1287	1287	ENSG00000270411.1	0	0	0	0
1288	1288	1288	1288	1288	ENSG00000124237.6	0	0	0	0
1289	1289	1289	1289	1289	ENSG00000124227.6	0	0	0	0
1290	1290	1290	1290	1290	ENSG00000291067.1	0	0	0	0
1291	1291	1291	1291	1291	ENSG00000124224.20	0	0	0	0
1292	1292	1292	1292	1292	ENSG00000124209.4	0	0	0	0
1293	1293	1293	1293	1293	ENSG00000124164.16	0	0	0	0
1294	1294	1294	1294	1294	ENSG00000198768.11	0	0	0	0
1295	1295	1295	1295	1295	ENSG00000231290.7	0	0	0	0
1296	1296	1296	1296	1296	ENSG00000254620.1	0	0	0	0
1297	1297	1297	1297	1297	ENSG00000268941.2	0	0	0	0
1298	1298	1298	1298	1298	ENSG00000124222.22	0	0	0	0
1299	1299	1299	1299	1299	ENSG00000254995.4	0	0	0	0
1300	1300	1300	1300	1300	ENSG00000215440.12	6	0	0	0
1301	1301	1301	1301	1301	ENSG00000254419.1	0	0	0	0
1302	1302	1302	1302	1302	ENSG00000237121.1	0	0	0	0
1303	1303	1303	1303	1303	ENSG00000270279.1	0	0	0	0
1304	1304	1304	1304	1304	ENSG00000268649.5	0	0	0	0
1305	1305	1305	1305	1305	ENSG00000284040.1	0	0	0	0
1306	1306	1306	1306	1306	ENSG00000216031.1	0	0	0	0
1307	1307	1307	1307	1307	ENSG00000235590.9	0	0	0	0
1308	1308	1308	1308	1308	ENSG00000268333.1	0	0	0	0
1309	1309	1309	1309	1309	ENSG00000087460.29	12	0	0	0
1310	1310	1310	1310	1310	ENSG00000276859.1	0	0	0	0
1311	1311	1311	1311	1311	ENSG00000276722.1	0	0	0	0
1312	1312	1312	1312	1312	ENSG00000274491.1	0	0	0	0
1313	1313	1313	1313	1313	ENSG00000275069.1	0	0	0	0
1314	1314	1314	1314	1314	ENSG00000225806.8	0	0	0	0
1315	1315	1315	1315	1315	ENSG00000270951.1	0	0	0	0
1316	1316	1316	1316	1316	ENSG00000285091.1	0	0	0	0
1317	1317	1317	1317	1317	ENSG00000284985.1	0	0	0	0
1318	1318	1318	1318	1318	ENSG00000101158.15	0	0	0	0
1319	1319	1319	1319	1319	ENSG00000101160.15	0	0	0	0
1320	1320	1320	1320	1320	ENSG00000101162.4	0	0	0	0
1321	1321	1321	1321	1321	ENSG00000124172.10	12	0	0	0
1322	1322	1322	1322	1322	ENSG00000289837.1	0	0	0	0
1323	1323	1323	1323	1323	ENSG00000101166.16	0	0	0	0
1324	1324	1324	1324	1324	ENSG00000232925.2	0	0	0	0
1325	1325	1325	1325	1325	ENSG00000124203.7	0	0	0	0
1326	1326	1326	1326	1326	ENSG00000124205.18	0	0	0	0
1327	1327	1327	1327	1327	ENSG00000225129.1	0	0	0	0
1328	1328	1328	1328	1328	ENSG00000230352.1	0	0	0	0
1329	1329	1329	1329	1329	ENSG00000286309.1	0	0	0	0
1330	1330	1330	1330	1330	ENSG00000233686.3	0	0	0	0
1331	1331	1331	1331	1331	ENSG00000287752.1	0	0	0	0
1332	1332	1332	1332	1332	ENSG00000227282.1	0	0	0	0
1333	1333	1333	1333	1333	ENSG00000087495.17	0	0	0	0
1334	1334	1334	1334	1334	ENSG00000238194.2	0	0	0	0
1335	1335	1335	1335	1335	ENSG00000238777.1	0	0	0	0
1336	1336	1336	1336	1336	ENSG00000196074.13	0	0	0	0
1337	1337	1337	1337	1337	ENSG00000196227.11	0	0	0	0
1338	1338	1338	1338	1338	ENSG00000132825.7	0	0	0	0
1339	1339	1339	1339	1339	ENSG00000124215.17	0	0	0	0
1340	1340	1340	1340	1340	ENSG00000176659.11	0	0	0	0
1341	1341	1341	1341	1341	ENSG00000276093.1	0	0	0	0
1342	1342	1342	1342	1342	ENSG00000228340.8	0	0	0	0
1343	1343	1343	1343	1343	ENSG00000207802.1	0	0	0	0
1344	1344	1344	1344	1344	ENSG00000229690.1	0	0	0	0
1345	1345	1345	1345	1345	ENSG00000266140.1	0	0	0	0
1346	1346	1346	1346	1346	ENSG00000265617.1	0	0	0	0
1347	1347	1347	1347	1347	ENSG00000276627.3	0	0	0	0
1348	1348	1348	1348	1348	ENSG00000261035.1	0	0	0	0
1349	1349	1349	1349	1349	ENSG00000229755.1	0	0	0	0
1350	1350	1350	1350	1350	ENSG00000229606.2	0	0	0	0
1351	1351	1351	1351	1351	ENSG00000289577.2	0	0	0	0
1352	1352	1352	1352	1352	ENSG00000179242.16	0	0	0	0
1353	1353	1353	1353	1353	ENSG00000286232.1	0	0	0	0
1354	1354	1354	1354	1354	ENSG00000276786.1	0	0	0	0
1355	1355	1355	1355	1355	ENSG00000277270.2	0	0	0	0
1356	1356	1356	1356	1356	ENSG00000179253.3	0	0	0	0
1357	1357	1357	1357	1357	ENSG00000225106.1	0	0	0	0
1358	1358	1358	1358	1358	ENSG00000130699.20	0	0	0	0
1359	1359	1359	1359	1359	ENSG00000284193.1	0	0	0	0
1360	1360	1360	1360	1360	ENSG00000235018.1	0	0	0	0
1361	1361	1361	1361	1361	ENSG00000265306.1	0	0	0	0
1362	1362	1362	1362	1362	ENSG00000283078.1	0	0	0	0
1363	1363	1363	1363	1363	ENSG00000289236.1	0	0	0	0
1364	1364	1364	1364	1364	ENSG00000149657.20	6	0	0	0
1365	1365	1365	1365	1365	ENSG00000101182.15	0	0	0	0
1366	1366	1366	1366	1366	ENSG00000184402.15	0	0	0	0
1367	1367	1367	1367	1367	ENSG00000289537.2	0	0	0	0
1368	1368	1368	1368	1368	ENSG00000101181.18	0	0	0	0
1369	1369	1369	1369	1369	ENSG00000101180.17	0	0	0	0
1370	1370	1370	1370	1370	ENSG00000130703.17	0	0	0	0
1371	1371	1371	1371	1371	ENSG00000130706.13	0	0	0	0
1372	1372	1372	1372	1372	ENSG00000226332.2	0	0	0	0
1373	1373	1373	1373	1373	ENSG00000130702.15	0	0	0	0
1374	1374	1374	1374	1374	ENSG00000284074.1	0	0	0	0
1375	1375	1375	1375	1375	ENSG00000228812.9	0	0	0	0
1376	1376	1376	1376	1376	ENSG00000273619.2	0	0	0	0
1377	1377	1377	1377	1377	ENSG00000171858.18	18	0	0	0
1378	1378	1378	1378	1378	ENSG00000149679.12	0	0	0	0
1379	1379	1379	1379	1379	ENSG00000275437.1	0	0	0	0
1380	1380	1380	1380	1380	ENSG00000130701.4	0	0	0	0
1381	1381	1381	1381	1381	ENSG00000233017.3	0	0	0	0
1382	1382	1382	1382	1382	ENSG00000130700.7	0	0	0	0
1383	1383	1383	1383	1383	ENSG00000272050.1	0	0	0	0
1384	1384	1384	1384	1384	ENSG00000260542.1	0	0	0	0
1385	1385	1385	1385	1385	ENSG00000289548.2	0	0	0	0
1386	1386	1386	1386	1386	ENSG00000174403.17	0	0	0	0
1387	1387	1387	1387	1387	ENSG00000174407.15	0	0	0	0
1388	1388	1388	1388	1388	ENSG00000199017.2	0	0	0	0
1389	1389	1389	1389	1389	ENSG00000284508.1	0	0	0	0
1390	1390	1390	1390	1390	ENSG00000226094.1	0	0	0	0
1391	1391	1391	1391	1391	ENSG00000264490.3	0	0	0	0
1392	1392	1392	1392	1392	ENSG00000273812.3	0	0	0	0
1393	1393	1393	1393	1393	ENSG00000289634.1	0	0	0	0
1394	1394	1394	1394	1394	ENSG00000232121.1	0	0	0	0
1395	1395	1395	1395	1395	ENSG00000229882.1	0	0	0	0
1396	1396	1396	1396	1396	ENSG00000167046.4	0	0	0	0
1397	1397	1397	1397	1397	ENSG00000101187.16	0	0	0	0
1398	1398	1398	1398	1398	ENSG00000277496.1	0	0	0	0
1399	1399	1399	1399	1399	ENSG00000276317.1	0	0	0	0
1400	1400	1400	1400	1400	ENSG00000232803.1	0	0	0	0
1401	1401	1401	1401	1401	ENSG00000237687.2	0	0	0	0
1402	1402	1402	1402	1402	ENSG00000101188.5	0	0	0	0
1403	1403	1403	1403	1403	ENSG00000223669.1	0	0	0	0
1404	1404	1404	1404	1404	ENSG00000228705.4	0	0	0	0
1405	1405	1405	1405	1405	ENSG00000101189.7	6	0	0	0
1406	1406	1406	1406	1406	ENSG00000229873.2	0	0	0	0
1407	1407	1407	1407	1407	ENSG00000060491.17	0	0	0	0
1408	1408	1408	1408	1408	ENSG00000092758.18	0	0	0	0
1409	1409	1409	1409	1409	ENSG00000101190.13	0	0	0	0
1410	1410	1410	1410	1410	ENSG00000233838.5	0	0	0	0
1411	1411	1411	1411	1411	ENSG00000236527.1	0	0	0	0
1412	1412	1412	1412	1412	ENSG00000101191.17	0	0	0	0
1413	1413	1413	1413	1413	ENSG00000273759.1	0	0	0	0
1414	1414	1414	1414	1414	ENSG00000101193.8	0	0	0	0
1415	1415	1415	1415	1415	ENSG00000101194.18	0	0	0	0
1416	1416	1416	1416	1416	ENSG00000125533.6	0	0	0	0
1417	1417	1417	1417	1417	ENSG00000272259.5	0	0	0	0
1418	1418	1418	1418	1418	ENSG00000125514.9	0	0	0	0
1419	1419	1419	1419	1419	ENSG00000237119.1	0	0	0	0
1420	1420	1420	1420	1420	ENSG00000231133.8	0	0	0	0
1421	1421	1421	1421	1421	ENSG00000274915.1	0	0	0	0
1422	1422	1422	1422	1422	ENSG00000225978.3	0	0	0	0
1423	1423	1423	1423	1423	ENSG00000287324.1	0	0	0	0
1424	1424	1424	1424	1424	ENSG00000260416.1	0	0	0	0
1425	1425	1425	1425	1425	ENSG00000286628.1	0	0	0	0
1426	1426	1426	1426	1426	ENSG00000231977.2	0	0	0	0
1427	1427	1427	1427	1427	ENSG00000207598.1	0	0	0	0
1428	1428	1428	1428	1428	ENSG00000149658.18	0	0	0	0
1429	1429	1429	1429	1429	ENSG00000273821.1	0	0	0	0
1430	1430	1430	1430	1430	ENSG00000101197.13	0	0	0	0
1431	1431	1431	1431	1431	ENSG00000266463.1	0	0	0	0
1432	1432	1432	1432	1432	ENSG00000101198.15	0	0	0	0
1433	1433	1433	1433	1433	ENSG00000275620.1	0	0	0	0
1434	1434	1434	1434	1434	ENSG00000101199.13	0	0	0	0
1435	1435	1435	1435	1435	ENSG00000266104.1	0	0	0	0
1436	1436	1436	1436	1436	ENSG00000101203.17	0	0	0	0
1437	1437	1437	1437	1437	ENSG00000222439.1	0	0	0	0
1438	1438	1438	1438	1438	ENSG00000101204.18	0	0	0	0
1439	1439	1439	1439	1439	ENSG00000203900.2	0	0	0	0
1440	1440	1440	1440	1440	ENSG00000075043.21	0	0	0	0
1441	1441	1441	1441	1441	ENSG00000280936.1	0	0	0	0
1442	1442	1442	1442	1442	ENSG00000226390.1	0	0	0	0
1443	1443	1443	1443	1443	ENSG00000101210.14	12	0	0	0
1444	1444	1444	1444	1444	ENSG00000230226.1	0	0	0	0
1445	1445	1445	1445	1445	ENSG00000125534.10	12	0	0	0
1446	1446	1446	1446	1446	ENSG00000101213.7	0	0	0	0
1447	1447	1447	1447	1447	ENSG00000125508.4	0	0	0	0
1448	1448	1448	1448	1448	ENSG00000275812.1	0	0	0	0
1449	1449	1449	1449	1449	ENSG00000125531.7	0	0	0	0
1450	1450	1450	1450	1450	ENSG00000130589.16	0	0	0	0
1451	1451	1451	1451	1451	ENSG00000101216.11	0	0	0	0
1452	1452	1452	1452	1452	ENSG00000232442.3	0	0	0	0
1453	1453	1453	1453	1453	ENSG00000197457.10	0	0	0	0
1454	1454	1454	1454	1454	ENSG00000258366.12	0	0	0	0
1455	1455	1455	1455	1455	ENSG00000026036.23	0	0	0	0
1456	1456	1456	1456	1456	ENSG00000243509.6	0	0	0	0
1457	1457	1457	1457	1457	ENSG00000101246.20	0	0	0	0
1458	1458	1458	1458	1458	ENSG00000197114.12	0	0	0	0
1459	1459	1459	1459	1459	ENSG00000273154.3	0	0	0	0
1460	1460	1460	1460	1460	ENSG00000274501.1	0	0	0	0
1461	1461	1461	1461	1461	ENSG00000203896.10	0	0	0	0
1462	1462	1462	1462	1462	ENSG00000273047.1	0	0	0	0
1463	1463	1463	1463	1463	ENSG00000125520.14	0	0	0	0
1464	1464	1464	1464	1464	ENSG00000130584.12	0	0	0	0
1465	1465	1465	1465	1465	ENSG00000229299.2	0	0	0	0
1466	1466	1466	1466	1466	ENSG00000231208.4	0	0	0	0
1467	1467	1467	1467	1467	ENSG00000279610.1	0	0	0	0
1468	1468	1468	1468	1468	ENSG00000268858.2	0	0	0	0
1469	1469	1469	1469	1469	ENSG00000183260.7	0	0	0	0
1470	1470	1470	1470	1470	ENSG00000101150.18	0	0	0	0
1471	1471	1471	1471	1471	ENSG00000290226.1	0	0	0	0
1472	1472	1472	1472	1472	ENSG00000101152.12	0	0	0	0
1473	1473	1473	1473	1473	ENSG00000199805.1	0	0	0	0
1474	1474	1474	1474	1474	ENSG00000283206.1	0	0	0	0
1475	1475	1475	1475	1475	ENSG00000216141.3	0	0	0	0
1476	1476	1476	1476	1476	ENSG00000283513.1	0	0	0	0
1477	1477	1477	1477	1477	ENSG00000216195.3	0	0	0	0
1478	1478	1478	1478	1478	ENSG00000275842.1	0	0	0	0
1479	1479	1479	1479	1479	ENSG00000198276.16	0	0	0	0
1480	1480	1480	1480	1480	ENSG00000284433.1	0	0	0	0
1481	1481	1481	1481	1481	ENSG00000207554.1	0	0	0	0
1482	1482	1482	1482	1482	ENSG00000280213.1	0	0	0	0
1483	1483	1483	1483	1483	ENSG00000196700.9	0	0	0	0
1484	1484	1484	1484	1484	ENSG00000130590.14	0	0	0	0
1485	1485	1485	1485	1485	ENSG00000101161.8	0	0	0	0
1486	1486	1486	1486	1486	ENSG00000196421.9	0	0	0	0
1487	1487	1487	1487	1487	ENSG00000203883.7	0	0	0	0
1488	1488	1488	1488	1488	ENSG00000171703.17	0	0	0	0
1489	1489	1489	1489	1489	ENSG00000237371.1	0	0	0	0
1490	1490	1490	1490	1490	ENSG00000171700.14	0	0	0	0
1491	1491	1491	1491	1491	ENSG00000274034.1	0	0	0	0
1492	1492	1492	1492	1492	ENSG00000125510.18	0	0	0	0
1493	1493	1493	1493	1493	ENSG00000171695.11	0	0	0	0
1494	1494	1494	1494	1494	ENSG00000286999.1	0	0	0	0
1495	1495	1495	1495	1495	ENSG00000196132.14	0	0	0	0
1496	1496	1496	1496	1496	ENSG00000125522.4	0	0	0	0
1497	1497	1497	1497	1497	ENSG00000203880.13	0	0	0	0
1498	1498	1498	1498	1498	ENSG00000278171.1	0	0	0	0
1499	1499	1499	1499	1499	ENSG00000232852.1	0	0	0	0
1500	1500	1500	1500	1500	ENSG00000149656.9	0	0	0	0
1501	1501	1501	1501	1501	ENSG00000274727.1	0	0	0	0
